pairing_num,rand1,T1,T2,T3,T4,T5,T6,T7,T8,T9,T10,k1,k2,k3,k4,k5,k6,k7,k8,k9,k10,k11,k12,k13,k14,k15,k16,k17,k18,k19,k20
1,2278767,318.47,308.35,250.68,249.89,252.62,250.55,201.85,204.23,147.39,146.45,6.0840000000000005,3.492,5.210999999999999,7.2090000000000005,2.709,4.626,2.5290000000000004,4.383,1.0170000000000001,1.899,7.731,0.9269999999999999,2.412,1.575,0.855,3.024,3.0420000000000003,0.945,3.771,2.4570000000000003
2,482995,318.47,308.35,247.53,251.41,246.67,254.52,202.17,200.78,147.54,148.71,6.561,1.377,8.163,8.379000000000001,1.89,3.555,3.15,7.677,1.8539999999999999,2.754,4.311,0.009000000000000001,1.3679999999999999,2.052,1.935,2.862,0.504,2.5020000000000002,7.6049999999999995,2.826
3,2408233,318.47,308.35,250.91,250.41,246.36,249.64,202.22,203.47,146.24,145.74,2.5290000000000004,3.366,5.508,7.56,0.225,3.492,2.223,6.786,2.979,1.8719999999999999,2.9610000000000003,3.483,0.5760000000000001,2.169,0.063,0.702,3.438,1.5390000000000001,2.88,1.287
4,4720680,318.47,308.35,246.58,250.6,249.76,249.97,201.73,204.04,153.77,146.59,3.87,1.7730000000000001,7.128,8.172,1.458,0.621,0.756,6.057,1.6019999999999999,6.516,7.083,3.996,1.008,0.513,2.88,0.30600000000000005,0.891,2.5559999999999996,2.4480000000000004,5.418
5,129187,318.47,308.35,249.39,252.54,248.12,252.6,202.28,200.75,146.69,149.54,5.751,1.44,6.534,7.577999999999999,1.089,5.706,0.963,4.059,2.5469999999999997,7.191000000000001,4.428,1.494,1.8,0.27,0.828,2.5290000000000004,1.395,2.862,2.5200000000000005,2.295
6,7972927,318.47,308.35,245.72,247.34,252.62,254.47,196.35,201.55,150.33,149.03,2.646,2.907,7.794,7.839,0.963,3.519,1.242,5.535,2.4570000000000003,2.754,7.272,1.422,3.312,2.943,2.5469999999999997,3.222,2.943,0.063,6.4079999999999995,0.9
7,4830850,318.47,308.35,250.26,251.57,251.92,249.48,201.49,201.78,149.12,149.3,3.2399999999999998,2.484,8.469,7.893,2.6999999999999997,3.879,3.5100000000000002,6.165000000000001,2.5559999999999996,6.075,4.995,3.42,0.207,0.29700000000000004,2.916,2.0340000000000003,0.9359999999999999,1.404,3.015,2.043
8,1801352,318.47,308.35,249.85,246.06,252.07,254.35,198.43,203.65,152.09,148.49,3.915,1.359,6.3629999999999995,8.883,2.3760000000000003,1.449,2.223,7.361999999999999,0.981,6.876,5.193,2.646,1.863,2.331,1.458,0.369,3.492,3.2489999999999997,5.022,3.5010000000000003
9,2295060,318.47,308.35,246.01,253.37,251.94,250.96,203.51,203.48,151.0,145.27,8.82,2.5559999999999996,8.82,7.974,3.5010000000000003,3.906,3.1319999999999997,1.2959999999999998,3.537,8.082,2.9610000000000003,3.1769999999999996,0.738,1.5659999999999998,1.962,1.8359999999999999,0.6389999999999999,3.0330000000000004,6.282,6.353999999999999
10,4995559,318.47,308.35,245.43,252.2,252.96,250.05,201.86,204.03,153.47,148.72,7.218,2.223,7.2090000000000005,8.325000000000001,0.36,2.0700000000000003,2.6189999999999998,6.831,3.465,7.316999999999999,2.133,2.0340000000000003,2.655,2.394,2.943,0.17099999999999999,1.998,2.043,4.167,1.971
11,2432201,318.47,308.35,246.94,253.31,251.25,249.33,203.84,204.94,146.46,149.85,5.931,0.441,7.704,6.3,2.4570000000000003,1.179,1.8359999999999999,5.31,1.917,5.2379999999999995,7.74,0.567,1.2510000000000001,0.126,0.6659999999999999,2.34,0.108,0.441,7.785,3.087
12,6463882,318.47,308.35,249.42,252.31,249.98,250.55,199.07,204.51,153.36,147.05,3.906,0.45,8.181000000000001,8.982,2.1149999999999998,1.7910000000000001,2.817,3.7169999999999996,1.206,5.247,4.761,0.45899999999999996,0.72,3.213,3.2399999999999998,2.133,1.3499999999999999,1.3499999999999999,3.375,1.593
13,3335629,318.47,308.35,247.08,252.39,248.71,253.62,197.32,204.4,151.95,145.76,8.388,2.25,8.244,8.883,3.141,6.4079999999999995,1.7730000000000001,6.9030000000000005,0.207,2.979,6.849,0.9179999999999999,2.4570000000000003,2.781,0.747,1.575,0.747,1.242,6.273,6.165000000000001
14,4414980,318.47,308.35,249.41,246.95,250.37,251.13,202.59,200.81,147.03,147.29,8.613,1.404,6.497999999999999,8.235,3.519,0.513,0.108,4.788,3.555,6.912,2.808,0.378,1.845,0.558,0.0,3.213,0.126,0.36,8.829,2.3760000000000003
15,4857302,318.47,308.35,247.31,247.8,246.48,254.79,198.84,201.77,148.51,145.2,6.282,0.07200000000000001,5.706,5.724,0.18,0.756,2.898,2.799,0.585,7.677,4.140000000000001,0.40499999999999997,1.8539999999999999,0.891,0.33299999999999996,0.486,1.3679999999999999,2.313,5.652,0.558
16,3955808,318.47,308.35,248.12,252.0,250.74,251.71,202.52,201.19,147.35,150.33,3.8609999999999998,2.988,5.1659999999999995,8.721,3.519,7.011,3.42,2.295,3.231,4.968,6.066000000000001,0.522,1.881,3.5010000000000003,3.0690000000000004,0.189,1.3499999999999999,1.0979999999999999,4.3469999999999995,4.6080000000000005
17,5294372,318.47,308.35,245.51,247.02,251.23,254.3,200.4,200.84,149.89,145.31,7.902,0.891,5.922000000000001,6.948,3.339,3.42,3.222,2.367,3.0780000000000003,2.178,1.845,3.906,0.477,0.126,0.17099999999999999,2.187,1.404,1.143,6.489,3.7889999999999997
18,8141548,318.47,308.35,247.25,250.26,250.07,253.21,199.86,204.21,149.86,146.24,6.236999999999999,0.0,8.676,9.0,0.0,3.492,0.0,4.923,0.08099999999999999,5.508,4.644,0.369,0.0,0.0,0.0,0.0,0.0,0.23399999999999999,6.263999999999999,3.5820000000000003
19,5672211,318.47,308.35,249.68,246.26,249.73,250.76,199.49,204.68,152.63,149.3,3.5010000000000003,2.763,5.904,8.073,1.3679999999999999,6.1290000000000004,0.7829999999999999,4.356,0.07200000000000001,8.298,1.0530000000000002,1.476,0.963,0.126,0.981,3.1679999999999997,0.6300000000000001,1.305,6.093,2.277
20,5965062,318.47,308.35,249.4,247.15,249.15,250.78,201.17,200.99,153.03,147.36,5.5169999999999995,1.2240000000000002,5.22,5.463,1.134,0.747,1.422,2.5469999999999997,0.9,8.64,5.327999999999999,2.565,2.646,0.9269999999999999,2.6279999999999997,1.0530000000000002,3.393,2.088,4.671,0.126
21,5863949,318.47,308.35,251.12,251.72,249.79,253.69,200.82,201.4,149.01,148.23,3.951,0.108,6.615,6.651,1.0979999999999999,0.09,1.935,7.668,1.8,6.236999999999999,4.0680000000000005,2.4210000000000003,1.6199999999999999,1.629,2.5290000000000004,3.276,1.692,1.944,5.436,4.374
22,1385797,318.47,308.35,247.14,253.73,251.92,253.79,198.83,200.3,149.33,148.01,8.136000000000001,0.18,8.928,7.299,2.6639999999999997,0.19799999999999998,1.071,7.2090000000000005,1.026,6.489,4.446,1.7550000000000001,1.656,2.79,0.765,2.4570000000000003,1.8359999999999999,2.1959999999999997,8.352,2.178
23,7788590,318.47,308.35,247.02,247.5,247.56,251.54,203.44,203.73,146.89,149.74,8.235,2.43,8.298,7.0200000000000005,2.5290000000000004,6.12,2.358,0.963,0.11699999999999999,6.633,7.622999999999999,1.0619999999999998,0.7739999999999999,1.3499999999999999,3.087,3.276,0.351,1.359,6.353999999999999,0.34199999999999997
24,8506279,318.47,308.35,249.57,252.36,249.44,251.57,201.48,201.15,146.08,149.13,3.258,2.7359999999999998,7.83,6.39,3.5010000000000003,1.242,2.862,3.78,1.0979999999999999,5.9670000000000005,2.709,0.189,0.126,2.691,2.781,2.1239999999999997,2.1239999999999997,0.18,4.419,5.1209999999999996
25,741576,318.47,308.35,247.02,253.15,248.87,253.58,198.48,203.53,152.19,150.31,3.1229999999999998,2.223,8.118,6.0840000000000005,2.169,3.438,0.7829999999999999,4.113,0.243,7.632,4.014,2.3040000000000003,1.962,2.907,1.782,1.2510000000000001,0.8009999999999999,0.126,6.471,4.779
26,1368749,318.47,308.35,247.2,248.43,246.76,249.14,198.07,203.85,152.23,146.56,5.634,0.6659999999999999,8.181000000000001,7.497,0.216,5.58,2.394,1.818,0.135,5.679,1.674,1.404,2.088,1.0170000000000001,3.195,2.691,0.945,1.7730000000000001,8.604,6.156000000000001
27,736927,318.47,308.35,247.1,253.02,248.53,254.59,202.1,202.24,152.86,147.01,8.379000000000001,2.1149999999999998,8.046,5.679,2.844,0.558,0.378,2.0700000000000003,3.1229999999999998,6.957,7.101,1.863,1.7550000000000001,3.33,1.665,2.286,2.187,0.28800000000000003,3.213,2.061
28,8540923,318.47,308.35,249.4,250.51,246.21,254.51,199.89,202.13,147.1,148.17,8.253,0.027,7.47,8.046,1.233,2.007,2.8890000000000002,6.048,1.0350000000000001,2.7359999999999998,1.2959999999999998,0.756,3.159,3.0690000000000004,1.611,0.36,3.015,2.295,8.568,7.182
29,8125716,318.47,308.35,247.33,250.67,250.76,252.87,199.38,204.22,149.92,146.38,6.093,0.0,8.676,9.0,0.0,3.015,0.0,4.077,0.5309999999999999,5.372999999999999,4.635,0.432,0.0,0.0,0.0,0.0,0.0,0.45899999999999996,6.183000000000001,4.239
30,1607729,318.47,308.35,248.57,247.84,251.17,249.3,201.27,204.78,151.37,145.21,7.614,1.3499999999999999,6.282,8.001,3.015,6.174,3.141,6.372,1.782,3.2039999999999997,7.316999999999999,1.5479999999999998,0.909,1.0350000000000001,1.215,2.763,2.799,3.3209999999999997,3.6719999999999997,0.909
31,2280675,318.47,308.35,251.27,253.93,253.14,252.67,196.84,204.65,148.5,150.21,8.046,0.567,5.2829999999999995,6.543,1.953,3.0330000000000004,2.466,7.884,2.5919999999999996,3.6270000000000002,2.6189999999999998,0.8009999999999999,1.5479999999999998,1.8270000000000002,0.693,3.2399999999999998,2.8890000000000002,2.6189999999999998,7.6499999999999995,3.267
32,1349647,318.47,308.35,247.25,250.1,250.01,253.23,199.89,204.21,149.91,146.44,6.156000000000001,0.0,8.676,9.0,0.0,3.5100000000000002,0.0,4.032,0.15300000000000002,5.508,4.59,0.46799999999999997,0.0,0.0,0.0,0.009000000000000001,0.0,0.17099999999999999,6.4079999999999995,3.519
33,4852508,318.47,308.35,250.29,251.4,249.21,249.91,198.75,200.33,147.86,147.85,3.303,3.1679999999999997,7.191000000000001,7.551,1.8,5.832,1.5030000000000001,1.242,2.214,7.6049999999999995,5.715,2.34,1.5659999999999998,0.369,2.0340000000000003,1.134,0.981,0.7829999999999999,5.94,2.1959999999999997
34,5580911,318.47,308.35,250.37,251.51,251.09,253.18,202.15,201.14,147.18,145.52,8.343,1.98,6.75,8.604,2.952,3.8609999999999998,0.243,2.142,2.9250000000000003,6.380999999999999,1.962,3.0780000000000003,2.322,2.088,3.492,1.0530000000000002,2.907,1.971,7.731,5.742
35,4844669,318.47,308.35,249.0,250.8,246.3,253.99,196.52,202.41,149.65,149.32,4.428,2.313,6.9750000000000005,6.8580000000000005,2.655,2.34,3.366,5.976,1.359,5.111999999999999,7.839,2.898,1.3679999999999999,1.116,0.711,0.23399999999999999,2.709,1.413,8.594999999999999,4.644
36,7088079,318.47,308.35,245.55,247.54,249.87,254.79,198.35,204.18,149.02,149.07,8.064,0.45899999999999996,8.091000000000001,6.606,1.0530000000000002,4.545,0.252,4.041,0.9269999999999999,7.0920000000000005,5.868,3.141,0.28800000000000003,3.285,2.844,3.0060000000000002,2.241,1.17,6.12,6.308999999999999
37,3356697,318.47,308.35,247.37,246.5,252.5,251.6,199.47,201.53,149.06,147.28,5.040000000000001,2.6999999999999997,5.292,5.22,1.782,3.024,0.108,1.125,2.97,5.183999999999999,7.128,1.458,2.646,1.701,0.8099999999999999,0.28800000000000003,3.411,2.88,4.851,3.33
38,4943475,318.47,308.35,250.74,249.4,246.73,253.13,202.86,203.88,150.6,147.88,6.3629999999999995,2.178,6.993,6.5969999999999995,1.674,1.449,3.1049999999999995,4.869000000000001,2.5559999999999996,3.735,5.481,0.828,2.952,1.701,3.483,3.015,2.1959999999999997,2.025,3.6540000000000004,4.617
39,8038432,318.47,308.35,246.49,248.14,252.38,252.06,201.4,204.51,151.49,146.13,5.013000000000001,1.6199999999999999,6.561,5.589,0.33299999999999996,0.33299999999999996,2.682,4.8870000000000005,0.39599999999999996,5.8500000000000005,4.077,0.369,1.2510000000000001,3.0780000000000003,0.45899999999999996,2.412,1.962,3.222,6.066000000000001,1.971
40,5329841,318.47,308.35,248.17,250.76,251.2,254.79,199.91,201.42,146.37,146.1,6.714,1.935,7.857,6.8580000000000005,0.495,6.057,1.917,1.0979999999999999,0.513,7.821,1.269,0.891,0.108,2.79,2.178,3.366,3.213,2.754,8.109,5.796
41,2247123,318.47,308.35,249.79,252.22,250.73,254.13,197.48,201.53,147.42,145.78,2.79,2.943,7.875,6.714,1.962,1.764,0.6300000000000001,5.364,3.465,6.9030000000000005,6.201,2.0340000000000003,2.898,3.4290000000000003,0.945,2.9970000000000003,2.898,0.747,5.228999999999999,4.878
42,4892860,318.47,308.35,247.16,250.63,250.62,250.26,196.48,200.37,153.0,146.45,8.325000000000001,2.952,8.622,8.549999999999999,2.9610000000000003,1.0170000000000001,3.366,6.588,2.646,4.734,6.561,1.8719999999999999,0.963,0.603,1.8090000000000002,2.4570000000000003,1.386,0.5489999999999999,3.852,2.331
43,3215115,318.47,308.35,245.24,252.66,252.28,249.06,198.6,204.42,148.08,147.88,6.732,3.393,5.571,8.235,2.466,5.841,2.9250000000000003,6.624,2.25,5.598,3.402,3.978,1.917,2.637,1.008,1.7910000000000001,2.5919999999999996,2.691,6.471,0.009000000000000001
44,1950760,318.47,308.35,245.76,246.25,252.79,252.38,198.26,201.89,148.93,150.2,7.47,0.522,5.589,5.796,0.8009999999999999,6.399,3.276,1.215,0.5940000000000001,8.280000000000001,5.508,3.348,3.186,2.466,2.169,1.89,3.087,2.754,8.019,4.482
45,2433046,318.47,308.35,246.56,251.76,249.95,249.11,202.27,203.2,148.19,149.25,4.095,2.5829999999999997,6.633,8.172,2.6999999999999997,6.201,2.646,4.059,3.231,4.851,6.957,1.935,2.241,1.7910000000000001,2.826,3.195,2.817,3.438,2.5919999999999996,6.435
46,6115312,318.47,308.35,245.1,246.07,249.55,251.37,196.13,204.88,152.26,147.86,6.606,2.6279999999999997,5.22,6.165000000000001,1.089,4.446,0.045,3.1229999999999998,2.133,7.812,4.527,1.0619999999999998,3.474,2.799,2.1239999999999997,0.18,3.1049999999999995,3.456,5.274,1.7550000000000001
47,3806108,318.47,308.35,249.43,246.26,250.88,251.82,196.76,203.94,150.44,146.46,3.1679999999999997,0.5940000000000001,7.659,7.596,1.422,4.2299999999999995,2.142,2.286,0.38699999999999996,3.6,3.609,1.746,0.7739999999999999,2.349,0.423,0.8099999999999999,3.0780000000000003,1.071,7.334999999999999,2.331
48,1011934,318.47,308.35,247.15,251.86,247.94,251.54,197.55,201.15,150.64,147.65,3.987,2.358,7.929,8.73,3.492,5.8500000000000005,0.6479999999999999,4.446,1.3319999999999999,7.6499999999999995,7.191000000000001,1.233,1.161,2.34,0.39599999999999996,1.953,2.0340000000000003,0.873,2.4570000000000003,0.567
49,5763950,318.47,308.35,249.31,250.3,248.61,254.21,200.48,202.83,148.77,145.37,7.155,2.367,7.5329999999999995,7.245,3.519,4.3919999999999995,2.9970000000000003,0.972,0.621,6.308999999999999,6.759,1.881,2.286,3.312,1.449,0.8009999999999999,2.907,3.456,3.843,4.7250000000000005
50,8914357,318.47,308.35,251.24,246.62,249.25,254.68,199.57,204.19,150.17,146.92,4.383,3.537,7.433999999999999,5.67,0.8009999999999999,5.796,1.629,1.3319999999999999,2.9250000000000003,3.5460000000000003,6.723,1.5839999999999999,3.294,1.206,0.414,3.141,1.5839999999999999,0.46799999999999997,3.0330000000000004,4.32
51,9353693,318.47,308.35,249.31,252.84,249.72,251.02,197.81,204.32,151.17,147.78,8.549999999999999,1.476,8.361,6.687,1.728,2.241,3.0690000000000004,4.689,3.402,7.848,6.786,0.621,1.944,0.07200000000000001,2.5919999999999996,2.916,1.494,2.5919999999999996,8.919,5.679
52,4299327,318.47,308.35,245.29,252.29,250.81,253.85,196.91,204.1,148.6,147.51,3.357,0.216,7.1370000000000005,6.2909999999999995,3.2489999999999997,0.054,0.999,4.32,0.009000000000000001,8.82,2.025,0.738,1.2600000000000002,2.259,1.935,0.5309999999999999,0.14400000000000002,1.674,6.57,5.292
53,6803993,318.47,308.35,248.63,248.99,247.4,249.42,199.75,204.16,150.6,145.4,7.713,0.261,8.01,8.541,2.313,4.599,2.745,5.8500000000000005,2.5200000000000005,6.732,6.462,3.5460000000000003,2.4570000000000003,1.3139999999999998,1.494,2.3760000000000003,0.441,2.9250000000000003,2.808,0.603
54,1541027,318.47,308.35,251.16,253.18,252.26,250.64,200.74,200.59,151.31,146.31,5.084999999999999,3.231,6.624,5.183999999999999,0.414,3.537,1.2600000000000002,1.1880000000000002,3.357,4.302,3.7079999999999997,0.729,1.2510000000000001,1.476,3.0420000000000003,2.5829999999999997,1.719,0.09899999999999999,6.218999999999999,7.056
55,2338806,318.47,308.35,250.84,249.46,247.62,251.41,199.5,201.63,152.94,145.66,3.339,2.6999999999999997,8.091000000000001,6.462,2.673,2.898,1.071,4.329,0.423,4.644,4.401,3.888,1.5030000000000001,3.555,3.222,0.39599999999999996,1.899,2.646,6.561,6.345
56,8597117,318.47,308.35,247.24,250.24,249.76,253.24,200.16,204.2,150.07,146.23,6.147,0.0,8.693999999999999,9.0,0.0,3.339,0.0,4.851,0.0,5.3999999999999995,4.68,0.5309999999999999,0.0,0.0,0.0,0.0,0.0,0.018000000000000002,5.868,3.4290000000000003
57,7720452,318.47,308.35,246.43,250.26,248.48,249.72,201.06,203.42,150.62,146.61,4.5,3.3209999999999997,6.813,7.281000000000001,2.088,3.1049999999999995,2.367,1.7550000000000001,0.40499999999999997,7.460999999999999,8.136000000000001,3.987,0.351,1.2959999999999998,1.476,0.747,1.764,1.89,7.281000000000001,4.329
58,221156,318.47,308.35,246.88,250.69,251.77,252.44,200.63,203.96,149.89,150.45,8.783999999999999,0.495,5.67,8.676,2.817,6.633,1.7910000000000001,4.428,0.864,2.61,5.445,0.09,1.764,0.603,3.465,0.38699999999999996,0.972,1.764,5.805,4.41
59,5078382,318.47,308.35,250.84,251.05,251.84,252.87,200.29,204.49,152.21,147.83,4.437,2.673,7.191000000000001,6.462,0.207,0.14400000000000002,1.404,7.119000000000001,1.701,2.6189999999999998,1.575,0.882,2.691,1.638,2.367,0.14400000000000002,1.8,1.0979999999999999,4.482,5.571
60,8693282,318.47,308.35,250.73,249.8,251.47,252.57,201.64,200.31,149.95,148.57,8.352,1.5839999999999999,8.145,5.2379999999999995,3.438,2.88,0.38699999999999996,1.647,1.341,8.136000000000001,6.687,1.593,3.42,1.5839999999999999,3.411,0.945,1.3139999999999998,1.989,6.308999999999999,1.764
61,1653923,318.47,308.35,248.62,252.13,253.13,250.88,202.06,204.85,150.53,149.35,2.979,0.693,8.388,8.712,2.151,7.1370000000000005,1.8539999999999999,1.998,2.9970000000000003,7.218,7.227,0.369,3.519,1.2959999999999998,2.6279999999999997,1.7910000000000001,1.935,1.323,2.9610000000000003,3.1769999999999996
62,5575989,318.47,308.35,246.28,247.47,249.78,250.21,200.68,202.06,146.04,149.09,5.985,1.395,5.679,8.001,1.5479999999999998,6.183000000000001,3.0690000000000004,5.589,2.88,3.357,2.1060000000000003,2.295,1.125,0.15300000000000002,0.873,3.2489999999999997,2.088,2.88,8.046,4.68
63,1833449,318.47,308.35,245.59,250.22,251.76,250.01,199.73,201.41,149.95,149.82,7.038,0.351,8.172,7.497,0.38699999999999996,2.826,2.565,1.404,1.656,2.916,4.005,3.213,2.9970000000000003,3.564,0.40499999999999997,2.259,1.17,3.483,6.885,1.8719999999999999
64,1039233,318.47,308.35,247.5,248.73,252.07,250.66,202.11,202.68,150.63,147.76,2.574,1.359,6.165000000000001,8.055,3.0959999999999996,6.9030000000000005,3.5100000000000002,3.42,1.08,8.271,1.656,3.6540000000000004,0.216,3.312,1.719,2.5020000000000002,0.29700000000000004,2.367,6.822,7.173
65,3856689,318.47,308.35,245.79,248.04,252.86,253.84,197.12,201.4,146.67,150.33,7.460999999999999,2.772,6.452999999999999,5.814,2.871,4.923,3.447,3.879,0.15300000000000002,5.22,4.005,1.1520000000000001,2.79,3.5730000000000004,0.15300000000000002,3.474,3.339,0.7739999999999999,8.082,1.431
66,5858321,318.47,308.35,251.15,253.41,251.11,252.87,201.36,200.83,149.38,145.87,8.433,0.216,8.919,7.290000000000001,1.8719999999999999,2.61,2.1959999999999997,7.038,1.611,6.165000000000001,7.478999999999999,0.07200000000000001,2.322,2.43,1.134,3.1049999999999995,2.907,2.097,4.113,2.5559999999999996
67,9831503,318.47,308.35,247.25,250.16,250.06,253.23,199.91,204.21,149.84,146.29,6.2909999999999995,0.0,8.676,9.0,0.0,3.474,0.0,4.104,0.14400000000000002,5.508,4.536,0.414,0.0,0.0,0.0,0.0,0.0,0.17099999999999999,6.327,3.447
68,5611275,318.47,308.35,248.89,248.95,248.54,252.28,196.39,204.2,148.06,148.03,4.122,2.241,5.679,8.235,2.9250000000000003,2.277,3.0330000000000004,1.323,1.422,6.102,3.8249999999999997,2.097,0.972,2.781,1.926,1.989,1.53,2.241,7.326,0.567
69,7710882,318.47,308.35,250.08,250.99,250.45,252.32,202.93,204.91,150.46,148.84,2.871,1.386,8.352,8.892,1.863,3.906,2.0700000000000003,7.803,1.881,2.466,1.638,0.34199999999999997,0.054,3.0959999999999996,2.259,2.5829999999999997,0.378,2.835,8.568,1.044
70,5728997,318.47,308.35,248.79,247.54,249.06,249.37,201.67,203.55,151.88,147.81,5.301,1.17,6.102,6.39,2.9610000000000003,4.635,1.494,3.393,1.08,6.218999999999999,5.976,2.223,0.5309999999999999,1.818,2.745,1.422,2.574,2.367,2.5200000000000005,0.486
71,6529893,318.47,308.35,246.43,251.3,250.47,250.92,197.16,201.55,146.62,148.18,5.228999999999999,1.728,7.596,6.417,0.225,2.088,1.692,2.673,1.899,3.1769999999999996,3.483,2.1959999999999997,1.71,1.71,2.277,1.305,0.909,1.2959999999999998,4.689,1.89
72,1271237,318.47,308.35,250.63,252.96,253.71,251.17,198.62,201.03,150.41,146.99,5.949,3.0690000000000004,7.011,8.676,2.826,2.835,3.15,1.1520000000000001,1.611,8.055,8.001,1.1520000000000001,1.782,0.423,0.018000000000000002,1.2240000000000002,1.404,0.45,4.905,0.981
73,1058711,318.47,308.35,251.28,247.21,251.9,252.95,197.06,204.87,152.89,146.26,5.346,3.528,5.157,6.84,2.6639999999999997,0.40499999999999997,0.99,1.161,3.2039999999999997,8.172,2.1239999999999997,0.46799999999999997,2.5020000000000002,0.32399999999999995,3.4290000000000003,0.585,1.647,2.16,7.515,6.497999999999999
74,4389785,318.47,308.35,250.11,251.45,253.81,251.76,200.16,203.82,151.94,146.62,6.201,0.513,7.146000000000001,6.93,0.063,4.743,2.835,7.569,1.5659999999999998,2.6189999999999998,4.7250000000000005,3.1229999999999998,1.8270000000000002,0.09,0.882,0.33299999999999996,1.476,1.143,2.898,0.909
75,8129068,318.47,308.35,247.06,249.14,247.0,252.74,202.08,201.82,149.67,149.46,7.587,3.1769999999999996,6.777,6.39,2.214,2.394,3.5100000000000002,1.134,2.655,2.6189999999999998,5.364,1.953,1.53,2.34,0.279,0.6120000000000001,1.1880000000000002,1.6199999999999999,4.806,4.878
76,2054975,318.47,308.35,248.63,252.34,253.34,249.25,203.01,202.07,148.2,145.12,2.61,0.009000000000000001,5.958,6.705,2.259,6.380999999999999,0.09899999999999999,7.478999999999999,3.1229999999999998,4.671,4.338,3.78,1.5839999999999999,1.107,2.16,1.8359999999999999,3.0060000000000002,0.045,7.74,1.206
77,1893601,318.47,308.35,247.25,250.15,250.06,253.18,199.88,204.21,149.86,146.32,6.2909999999999995,0.0,8.676,9.0,0.0,3.537,0.0,4.1850000000000005,0.036000000000000004,5.508,4.617,0.513,0.0,0.0,0.0,0.0,0.0,0.189,5.598,3.528
78,7977617,318.47,308.35,246.27,247.35,249.0,249.78,198.32,202.16,149.07,150.31,8.127,0.621,5.372999999999999,6.255,0.09,6.9750000000000005,0.999,2.5919999999999996,3.087,6.633,4.1850000000000005,1.0530000000000002,1.134,2.295,0.39599999999999996,0.40499999999999997,2.772,2.394,8.514,4.662
79,1216897,318.47,308.35,246.71,252.52,253.27,254.7,199.25,203.75,151.29,146.28,3.015,0.693,5.210999999999999,6.417,0.17099999999999999,1.197,2.6189999999999998,2.223,1.341,8.109,7.794,3.42,2.232,0.6389999999999999,1.008,2.061,2.466,2.1060000000000003,3.402,3.2489999999999997
80,956392,318.47,308.35,245.99,247.47,253.86,251.43,202.96,201.29,150.27,145.81,3.69,0.34199999999999997,5.175,5.8950000000000005,2.223,0.08099999999999999,2.0340000000000003,3.285,1.818,4.6080000000000005,5.868,3.384,1.5030000000000001,0.5309999999999999,3.1229999999999998,2.133,0.369,1.989,8.334,2.808
81,8958395,318.47,308.35,249.75,249.56,251.14,249.69,198.16,201.81,150.99,147.02,8.397,0.9359999999999999,7.992,6.426,0.27,6.687,2.367,2.1959999999999997,0.063,6.507,5.066999999999999,2.844,2.5200000000000005,1.6199999999999999,2.286,3.411,1.881,0.11699999999999999,5.571,1.485
82,7472347,318.47,308.35,247.09,247.3,247.92,250.6,203.12,204.41,153.4,145.27,4.113,0.108,7.875,8.298,2.079,2.475,1.1520000000000001,3.6180000000000003,1.242,6.471,1.1880000000000002,0.486,1.971,3.564,0.99,1.3139999999999998,0.5309999999999999,1.377,3.231,3.5730000000000004
83,1422499,318.47,308.35,250.22,249.25,253.54,250.03,202.9,202.92,150.73,146.96,8.091000000000001,1.026,5.228999999999999,8.676,2.5559999999999996,5.066999999999999,3.456,3.888,2.79,8.946,6.9030000000000005,1.665,1.6199999999999999,1.746,1.2779999999999998,0.8009999999999999,0.477,1.71,8.037,0.216
84,4433299,318.47,308.35,247.29,250.07,250.5,253.35,199.53,204.21,150.42,146.47,6.156000000000001,0.0,8.667,9.0,0.11699999999999999,3.726,0.0,5.868,0.054,5.49,4.59,0.432,0.0,0.018000000000000002,0.0,0.207,0.0,1.206,5.499,3.375
85,1126997,318.47,308.35,248.5,249.04,251.01,252.71,199.59,203.18,150.79,145.47,7.308000000000001,3.402,6.2909999999999995,7.794,2.232,4.752000000000001,1.2959999999999998,7.911,1.629,2.898,4.8870000000000005,1.674,2.151,0.15300000000000002,0.054,2.97,3.1679999999999997,1.944,6.102,4.977
86,5355312,318.47,308.35,245.49,251.1,248.78,249.21,196.21,200.38,151.37,146.72,4.527,2.97,7.596,6.723,0.432,4.518,0.108,6.066000000000001,0.5309999999999999,3.735,1.1880000000000002,1.008,1.5839999999999999,0.18,0.999,0.837,1.5839999999999999,0.29700000000000004,2.8890000000000002,2.169
87,329236,318.47,308.35,250.15,249.97,248.48,253.48,196.96,204.18,148.8,146.88,3.5010000000000003,2.5829999999999997,6.426,7.361999999999999,1.0530000000000002,4.2299999999999995,1.998,6.138000000000001,2.934,4.428,1.89,4.077,0.738,0.351,2.646,2.907,1.5659999999999998,3.5460000000000003,7.758,5.481
88,9872296,318.47,308.35,247.02,246.16,253.71,250.87,203.63,200.88,152.72,145.14,8.082,3.267,7.902,5.724,1.899,5.634,3.348,3.258,2.853,2.97,6.236999999999999,3.294,3.483,2.484,1.161,2.5919999999999996,3.258,0.693,8.01,2.052
89,7264690,318.47,308.35,245.64,250.4,253.24,249.13,197.64,202.97,152.01,149.83,6.12,1.0979999999999999,7.875,7.38,3.339,3.024,0.9359999999999999,5.976,0.45899999999999996,7.047000000000001,7.4879999999999995,0.72,0.6120000000000001,1.935,0.18,0.738,0.18,2.709,7.839,3.024
90,6550878,318.47,308.35,250.86,251.77,246.18,253.42,197.51,204.1,149.16,145.59,5.697,0.6659999999999999,8.397,6.2909999999999995,3.114,2.232,2.88,6.561,1.467,5.301,4.68,0.864,0.036000000000000004,0.8009999999999999,0.027,0.7919999999999999,2.8890000000000002,2.5020000000000002,4.176,1.089
91,5602818,318.47,308.35,246.05,250.68,253.82,254.84,200.29,201.62,150.9,148.42,2.943,0.6300000000000001,6.867,6.624,2.34,1.485,2.367,4.032,0.036000000000000004,6.102,6.993,0.19799999999999998,0.963,1.917,2.673,2.5020000000000002,0.027,1.53,5.084999999999999,5.427
92,1384435,318.47,308.35,250.91,252.79,250.13,251.31,203.76,204.38,150.16,148.64,8.01,2.988,8.622,5.5169999999999995,0.11699999999999999,1.125,1.3139999999999998,5.949,1.5479999999999998,6.102,3.348,1.2600000000000002,0.28800000000000003,0.9269999999999999,2.6639999999999997,0.954,3.303,2.5200000000000005,6.894,4.05
93,8350109,318.47,308.35,248.29,246.79,251.37,252.37,198.99,200.41,153.06,147.41,7.857,3.357,5.949,5.526,3.1679999999999997,1.485,0.369,7.0920000000000005,2.844,6.66,2.6639999999999997,2.718,0.8009999999999999,0.441,2.727,0.522,2.826,2.4570000000000003,2.43,5.0040000000000004
94,9905712,318.47,308.35,247.42,249.78,247.84,252.61,201.35,204.96,152.29,149.94,4.005,3.393,7.776,6.624,0.261,5.706,1.998,0.819,2.799,5.787,8.172,1.2510000000000001,2.79,0.495,0.261,0.369,0.567,2.484,6.191999999999999,3.726
95,7349251,318.47,308.35,249.58,251.84,247.25,251.39,196.63,201.22,147.17,145.56,5.327999999999999,1.197,5.138999999999999,8.712,3.285,7.11,3.0690000000000004,7.7219999999999995,3.4290000000000003,5.688,4.338,2.799,0.6479999999999999,0.054,2.5919999999999996,2.412,0.855,1.6199999999999999,8.838,5.049
96,3178764,318.47,308.35,246.83,247.22,249.82,252.71,201.17,204.33,147.07,145.78,7.758,0.756,6.912,8.208,0.855,3.87,1.1520000000000001,7.4159999999999995,2.6279999999999997,5.3549999999999995,5.913,3.807,1.998,1.134,0.999,2.016,0.441,2.286,8.487,3.339
97,9788682,318.47,308.35,251.24,247.04,253.9,254.81,202.95,204.64,148.99,149.82,3.393,2.637,5.823,5.9670000000000005,3.438,0.6300000000000001,0.17099999999999999,1.197,3.222,6.678,4.203,1.3679999999999999,2.5290000000000004,1.269,0.765,1.422,3.15,1.422,2.5829999999999997,6.399
98,4761605,318.47,308.35,247.27,250.45,249.89,253.15,199.89,204.2,149.88,146.22,4.824,0.0,8.685,9.0,0.567,3.591,0.0,5.084999999999999,0.6479999999999999,5.526,5.319,0.864,0.0,0.0,0.0,0.5940000000000001,0.0,0.54,5.066999999999999,3.366
99,6988996,318.47,308.35,245.77,252.92,253.75,253.09,200.37,204.79,151.94,145.53,6.678,2.853,7.866,8.514,0.9269999999999999,0.891,0.46799999999999997,3.5730000000000004,1.971,7.443,6.84,0.18,1.5210000000000001,1.5479999999999998,3.276,1.071,1.899,1.026,7.316999999999999,4.779
100,4142667,318.47,308.35,246.97,251.92,250.32,249.46,199.02,200.93,149.81,149.38,5.2379999999999995,0.054,5.634,5.418,2.538,5.175,1.629,2.0340000000000003,0.747,3.06,5.013000000000001,1.2510000000000001,2.9970000000000003,2.934,1.449,1.908,2.151,2.979,3.0959999999999996,0.46799999999999997
101,9268352,318.47,308.35,248.5,252.24,248.89,254.35,198.65,203.24,150.81,145.39,7.047000000000001,3.1229999999999998,8.334,8.406,1.476,1.287,3.357,5.913,2.934,6.318,3.537,1.0350000000000001,2.907,3.366,1.8270000000000002,3.312,1.6019999999999999,2.295,6.327,3.7169999999999996
102,395609,318.47,308.35,249.38,246.11,247.57,250.96,199.01,201.55,152.43,147.04,3.1679999999999997,1.377,7.956,8.163,2.5020000000000002,6.822,0.945,7.659,3.447,7.622999999999999,3.456,2.898,1.629,0.954,3.402,2.34,1.944,2.0340000000000003,5.1659999999999995,2.3850000000000002
103,5582748,318.47,308.35,247.86,250.73,246.97,250.7,201.02,201.93,151.37,149.74,8.955,0.40499999999999997,8.262,5.823,0.9,3.0330000000000004,0.963,5.076,2.241,3.222,3.474,2.916,1.071,2.0700000000000003,0.189,1.206,0.495,2.9970000000000003,4.3919999999999995,5.571
104,252353,318.47,308.35,250.13,252.77,246.55,252.08,201.62,202.93,147.24,146.59,3.447,0.99,5.327999999999999,8.459999999999999,2.61,1.5210000000000001,0.5489999999999999,6.993,1.881,6.8580000000000005,6.849,2.412,2.016,0.5760000000000001,1.8270000000000002,2.673,0.252,3.3209999999999997,4.923,1.8539999999999999
105,1505371,318.47,308.35,245.28,247.99,247.1,250.41,196.17,204.18,152.19,147.32,6.984,3.5100000000000002,5.3549999999999995,7.965,2.439,1.341,2.6639999999999997,0.981,1.575,2.898,1.17,2.205,0.522,2.9610000000000003,3.375,3.456,3.5010000000000003,0.15300000000000002,5.787,6.147
106,9004780,318.47,308.35,248.92,250.89,246.9,251.96,199.47,202.8,146.13,149.52,4.941000000000001,0.873,8.847,7.929,1.143,4.806,3.0959999999999996,4.077,2.097,4.014,3.0690000000000004,1.8719999999999999,2.5559999999999996,2.043,0.054,2.988,1.6019999999999999,0.6659999999999999,6.156000000000001,2.826
107,7418643,318.47,308.35,248.21,253.7,250.48,253.28,199.46,203.49,152.14,149.19,3.15,3.384,5.301,7.758,1.638,0.207,2.277,4.149,2.9610000000000003,3.0780000000000003,5.562,0.837,2.313,2.169,2.6639999999999997,2.3040000000000003,1.818,2.412,2.5919999999999996,5.859
108,1950146,318.47,308.35,246.2,248.0,251.32,252.2,200.03,204.54,151.45,147.37,8.388,0.702,7.677,8.559,0.6389999999999999,3.96,3.0330000000000004,7.821,2.5290000000000004,7.343999999999999,2.286,0.15300000000000002,1.377,3.303,0.23399999999999999,0.6389999999999999,1.3679999999999999,1.7550000000000001,5.013000000000001,6.165000000000001
109,5017661,318.47,308.35,248.23,252.12,248.6,254.56,203.73,200.27,151.74,149.45,5.625,1.17,8.064,6.615,1.989,4.446,0.513,3.393,2.6189999999999998,5.445,3.87,2.781,3.492,0.18,0.5940000000000001,2.3760000000000003,2.25,0.6300000000000001,2.5829999999999997,6.876
110,9089280,318.47,308.35,249.0,246.54,247.59,252.24,200.25,201.46,150.9,145.56,7.029,2.322,5.274,7.074,3.402,6.2909999999999995,1.0170000000000001,6.353999999999999,0.6300000000000001,6.759,1.638,0.765,0.504,0.981,3.024,0.378,2.43,2.718,5.3999999999999995,6.0840000000000005
111,7230465,318.47,308.35,247.61,248.36,253.17,249.99,199.92,203.87,153.41,150.43,8.847,3.456,7.884,8.964,1.611,0.504,2.142,2.754,2.6279999999999997,6.003,5.0040000000000004,1.008,1.476,2.718,1.944,3.2039999999999997,0.711,0.441,6.39,6.417
112,5871743,318.47,308.35,251.31,251.47,250.82,254.58,201.91,202.87,148.45,145.37,5.841,2.043,8.406,6.353999999999999,1.746,6.57,2.187,3.735,0.6479999999999999,7.0200000000000005,7.6049999999999995,2.25,0.17099999999999999,0.414,0.45,2.5919999999999996,0.036000000000000004,0.351,4.986000000000001,5.049
113,5851120,318.47,308.35,245.72,249.87,246.79,254.77,200.06,200.87,148.54,148.34,7.551,2.952,5.1659999999999995,7.065,1.413,2.43,3.357,2.745,2.781,2.4210000000000003,3.879,0.729,1.44,3.087,2.088,1.404,1.377,3.3209999999999997,2.691,0.972
114,9257515,318.47,308.35,246.85,246.87,248.55,254.39,196.71,203.22,146.99,145.13,8.685,3.438,7.5329999999999995,6.687,3.1769999999999996,6.147,1.629,6.732,1.44,4.527,2.7359999999999998,1.8090000000000002,0.378,0.6569999999999999,0.729,2.394,0.729,2.511,2.844,3.915
115,5952825,318.47,308.35,245.52,249.87,252.74,252.97,201.02,203.43,152.0,149.54,4.167,2.16,6.0120000000000005,8.379000000000001,3.114,5.886,0.054,3.879,0.603,2.466,7.227,2.835,0.756,1.269,3.186,1.7550000000000001,0.14400000000000002,0.378,8.693999999999999,0.40499999999999997
116,4126766,318.47,308.35,250.61,251.83,253.05,252.82,201.16,204.86,153.57,149.6,5.148,3.375,7.524,8.721,2.5020000000000002,0.7919999999999999,1.404,1.2779999999999998,3.483,4.851,1.215,1.359,0.828,2.7359999999999998,0.729,1.269,0.5489999999999999,0.7829999999999999,7.622999999999999,1.2959999999999998
117,4257393,318.47,308.35,250.06,251.48,253.43,254.29,202.62,200.72,148.33,149.94,3.0330000000000004,0.486,8.478,7.173,2.5559999999999996,4.482,1.845,5.175,3.492,6.867,5.111999999999999,1.737,0.33299999999999996,2.808,2.6639999999999997,3.5010000000000003,0.747,2.0700000000000003,6.939,4.059
118,6175034,318.47,308.35,247.06,253.63,248.25,251.54,200.95,202.81,150.68,147.88,5.409,1.404,8.334,5.652,3.474,5.247,0.909,5.841,2.484,2.412,7.2,2.6999999999999997,2.151,2.835,0.6569999999999999,0.567,0.36,0.189,3.447,0.17099999999999999
119,1393218,318.47,308.35,250.76,249.55,252.19,251.96,196.72,202.47,147.59,149.07,8.450999999999999,3.1319999999999997,5.913,8.703,2.1239999999999997,6.236999999999999,3.1319999999999997,7.893,1.0350000000000001,4.824,7.245,1.926,2.565,1.476,0.864,0.702,0.441,1.071,5.886,5.706
120,8056397,318.47,308.35,248.87,251.1,247.74,253.57,197.89,204.37,151.07,149.09,6.894,3.519,8.253,5.508,1.269,1.449,2.1149999999999998,3.888,2.943,8.450999999999999,1.719,4.0680000000000005,0.5940000000000001,2.1959999999999997,0.891,1.575,1.917,0.8009999999999999,7.263000000000001,2.394
121,2725135,318.47,308.35,246.38,246.11,248.47,250.76,199.81,204.67,148.98,146.96,3.762,0.873,5.2829999999999995,6.678,3.141,3.258,0.6120000000000001,4.968,0.963,2.223,2.772,1.5479999999999998,1.989,0.018000000000000002,0.558,1.0979999999999999,0.963,0.7829999999999999,5.994000000000001,2.6279999999999997
122,5219650,318.47,308.35,247.76,248.42,252.4,254.6,202.06,202.37,149.23,146.17,3.0690000000000004,2.214,5.2829999999999995,6.255,1.998,3.726,2.79,4.833,0.747,4.941000000000001,3.339,0.585,3.1679999999999997,1.2779999999999998,2.4480000000000004,3.1319999999999997,2.808,2.646,4.743,5.985
123,6367833,318.47,308.35,249.96,248.51,250.9,254.37,201.01,202.86,146.88,149.75,7.992,0.819,8.271,6.561,3.285,6.066000000000001,0.747,6.669,3.492,3.348,4.752000000000001,2.826,1.467,1.422,0.378,2.511,3.051,1.0350000000000001,5.634,1.3499999999999999
124,5335620,318.47,308.35,249.76,253.35,251.73,254.06,198.24,202.16,149.74,145.17,3.258,0.45,7.848,5.364,0.32399999999999995,4.383,0.11699999999999999,3.78,1.683,2.277,4.247999999999999,2.673,0.414,2.6639999999999997,2.151,0.558,3.015,0.423,3.735,7.011
125,4920383,318.47,308.35,247.8,250.54,249.77,252.58,196.95,201.52,147.88,149.02,8.316,2.349,6.039000000000001,7.353,3.393,5.526,0.9359999999999999,2.295,0.882,6.57,3.771,1.233,2.484,2.016,2.6639999999999997,0.621,3.474,2.601,2.5469999999999997,5.805
126,9024200,318.47,308.35,251.28,253.25,246.91,251.07,201.55,204.47,153.23,150.18,8.172,2.151,7.884,8.946,0.46799999999999997,4.257,0.14400000000000002,4.644,2.727,1.881,2.151,0.261,2.511,2.007,1.161,2.844,0.36,1.0170000000000001,4.707,5.949
127,6075528,318.47,308.35,247.15,250.65,251.33,252.26,199.29,201.14,148.31,146.66,7.164000000000001,0.423,5.3999999999999995,7.263000000000001,2.367,4.833,0.756,4.743,1.5210000000000001,6.2459999999999996,6.335999999999999,0.189,1.638,2.1239999999999997,3.528,3.339,1.413,3.087,7.0200000000000005,4.572
128,2938218,318.47,308.35,251.02,252.64,248.35,254.66,198.33,200.71,147.88,146.8,3.8249999999999997,1.233,7.398,7.452,2.169,2.142,2.5559999999999996,4.122,0.558,5.031000000000001,7.587,0.45,2.673,1.908,1.3499999999999999,2.7359999999999998,0.243,3.231,4.806,5.076
129,6597172,318.47,308.35,247.89,250.81,249.57,254.02,202.31,200.96,148.0,149.19,4.572,0.40499999999999997,7.6499999999999995,8.361,2.808,2.016,2.412,7.155,2.367,6.165000000000001,6.993,2.268,1.935,1.404,2.655,2.9250000000000003,0.7919999999999999,1.8,2.4570000000000003,1.2779999999999998
130,3852914,318.47,308.35,250.09,246.27,246.11,251.83,202.5,204.67,148.48,147.48,8.549999999999999,2.214,8.883,6.984,2.907,6.3,1.575,6.633,2.6639999999999997,2.178,4.2299999999999995,3.339,0.6120000000000001,0.252,1.6019999999999999,3.1319999999999997,0.036000000000000004,1.971,8.559,2.241
131,6208231,318.47,308.35,245.38,253.83,247.51,254.66,197.03,201.31,151.75,148.51,5.9670000000000005,3.348,8.064,8.919,0.38699999999999996,4.95,1.287,4.797000000000001,1.242,6.093,1.818,0.819,3.186,0.72,3.528,2.709,2.205,3.456,6.75,6.003
132,3166097,318.47,308.35,250.54,251.47,251.19,249.64,203.67,200.57,153.51,145.67,7.101,2.367,6.435,8.109,3.0330000000000004,3.438,1.3319999999999999,4.572,2.295,5.382,2.835,3.213,2.187,2.6279999999999997,1.5210000000000001,0.972,0.8009999999999999,0.6479999999999999,6.759,2.9250000000000003
133,1260398,318.47,308.35,248.83,250.87,248.48,253.84,200.81,201.87,150.43,145.31,6.6419999999999995,0.39599999999999996,7.6499999999999995,5.67,2.349,1.197,1.0619999999999998,1.8539999999999999,1.845,8.514,3.5460000000000003,1.6199999999999999,1.2959999999999998,2.466,0.40499999999999997,0.045,3.06,2.9250000000000003,3.924,4.671
134,9879756,318.47,308.35,251.19,247.24,250.38,252.93,201.63,201.69,151.74,148.78,7.758,3.5010000000000003,6.966,5.31,0.981,3.564,2.25,6.03,2.6639999999999997,5.958,7.361999999999999,3.726,0.45899999999999996,2.772,1.1520000000000001,0.972,0.46799999999999997,1.899,8.495999999999999,6.507
135,8517195,318.47,308.35,246.53,250.95,252.91,249.13,198.86,203.12,151.89,148.05,3.33,1.719,7.478999999999999,6.183000000000001,2.781,5.022,2.844,1.413,2.061,5.058000000000001,4.122,2.6639999999999997,2.403,1.3499999999999999,2.277,2.943,3.024,1.683,6.03,5.805
136,4736790,318.47,308.35,249.59,247.17,249.05,253.97,199.63,204.8,152.46,147.33,6.777,0.846,8.433,7.704,1.116,1.422,1.7550000000000001,3.33,3.267,3.33,6.462,1.899,1.5479999999999998,0.46799999999999997,2.394,2.0340000000000003,0.702,0.369,7.74,2.6639999999999997
137,5280256,318.47,308.35,246.6,253.29,249.81,250.34,196.51,204.27,147.46,146.72,4.086,1.6199999999999999,5.877000000000001,5.985,2.151,4.167,0.585,3.888,3.348,4.869000000000001,2.565,0.711,0.16199999999999998,2.8890000000000002,0.378,3.186,0.38699999999999996,1.917,2.808,1.476
138,2708931,318.47,308.35,250.62,249.91,247.08,253.99,197.11,200.75,147.51,145.95,8.082,2.3850000000000002,7.407,7.460999999999999,0.5940000000000001,5.562,2.223,6.786,2.7359999999999998,2.043,5.724,3.33,1.5659999999999998,0.39599999999999996,2.5200000000000005,0.486,2.016,0.9179999999999999,6.795,4.1850000000000005
139,7257030,318.47,308.35,248.94,247.29,247.99,249.26,201.38,200.71,149.37,146.1,3.78,3.1049999999999995,8.082,6.9030000000000005,0.09,4.158,0.243,4.824,1.044,5.2379999999999995,1.935,3.771,0.909,1.179,3.519,1.071,0.08099999999999999,2.4210000000000003,2.781,5.175
140,1888412,318.47,308.35,251.16,248.02,247.34,249.48,198.95,200.49,152.41,149.25,7.3709999999999996,2.637,8.874,6.003,0.567,0.31500000000000006,0.207,6.426,2.718,4.896000000000001,3.447,2.5290000000000004,3.1769999999999996,3.222,0.28800000000000003,2.1239999999999997,2.241,0.063,2.43,3.231
141,3680640,318.47,308.35,247.15,246.45,250.77,254.23,196.32,203.76,153.93,150.25,4.032,3.33,7.713,6.66,1.683,6.057,0.6479999999999999,5.247,3.2399999999999998,4.8420000000000005,4.644,3.906,1.746,0.981,1.3139999999999998,2.475,0.108,3.213,6.335999999999999,2.286
142,4326602,318.47,308.35,247.63,249.66,253.05,250.67,198.62,204.36,153.6,145.9,7.577999999999999,0.414,6.345,8.594999999999999,3.465,4.734,1.5210000000000001,3.96,1.701,7.938,3.735,2.43,3.294,3.2399999999999998,2.907,1.458,2.79,3.1319999999999997,4.707,3.339
143,5208332,318.47,308.35,248.79,252.05,249.66,254.54,200.99,200.73,150.38,150.06,6.417,1.926,6.380999999999999,7.128,0.279,6.39,0.504,3.366,1.2600000000000002,3.438,4.905,2.574,2.5919999999999996,0.432,0.999,3.2489999999999997,1.8359999999999999,2.178,2.655,0.729
144,670593,318.47,308.35,247.31,248.98,248.5,251.45,202.07,204.88,148.95,148.02,3.285,2.6189999999999998,7.695,6.633,0.351,0.846,2.988,2.538,0.15300000000000002,6.543,4.338,3.8249999999999997,2.007,1.044,1.107,2.8890000000000002,0.11699999999999999,2.061,2.943,6.5249999999999995
145,2048441,318.47,308.35,245.55,247.22,249.39,254.98,197.98,202.74,150.54,147.76,2.5469999999999997,2.871,5.535,6.75,2.916,1.917,1.467,3.1319999999999997,0.17099999999999999,4.797000000000001,8.019,2.061,2.403,2.655,1.323,2.9250000000000003,3.456,2.5200000000000005,3.0060000000000002,5.886
146,4853932,318.47,308.35,248.16,249.18,253.37,249.16,196.29,201.92,147.09,150.42,8.298,3.258,8.856,8.541,2.898,2.178,0.32399999999999995,2.6189999999999998,3.4290000000000003,4.113,4.419,1.728,1.476,1.593,1.5659999999999998,0.34199999999999997,2.043,1.395,3.5730000000000004,5.22
147,3963487,318.47,308.35,248.57,248.94,247.01,250.04,199.94,200.46,147.75,147.6,5.445,3.366,8.397,6.6419999999999995,2.061,1.341,1.935,2.5919999999999996,3.465,4.527,8.163,3.951,0.32399999999999995,2.9970000000000003,1.701,0.243,2.763,0.873,3.1319999999999997,6.588
148,2542393,318.47,308.35,248.38,246.69,250.02,250.94,202.13,203.76,149.9,145.17,3.384,0.27,8.028,5.8500000000000005,2.538,5.391,2.763,6.327,2.943,4.8420000000000005,1.575,0.31500000000000006,1.557,1.206,0.23399999999999999,2.988,2.898,2.286,7.155,0.603
149,9904584,318.47,308.35,249.28,246.5,247.57,254.51,197.27,201.98,149.01,146.0,7.002000000000001,3.393,5.292,7.074,1.674,1.989,0.045,5.607,0.8099999999999999,6.462,3.537,0.252,2.637,2.349,1.395,1.3319999999999999,2.934,2.484,8.811,5.832
150,868931,318.47,308.35,251.14,253.03,253.08,252.15,199.44,200.61,147.06,145.79,5.9670000000000005,0.027,8.631,5.9670000000000005,2.565,2.817,3.15,3.159,2.367,4.149,4.8870000000000005,4.014,3.555,2.772,2.097,3.141,1.476,1.458,3.492,1.782
151,9710375,318.47,308.35,246.21,249.71,247.82,253.61,200.72,201.68,152.25,147.97,3.537,1.305,7.577999999999999,7.4879999999999995,1.0979999999999999,6.497999999999999,2.97,7.047000000000001,2.025,6.768,4.338,1.899,3.087,3.1049999999999995,1.5390000000000001,3.186,0.864,2.1149999999999998,3.8249999999999997,1.8719999999999999
152,361842,318.47,308.35,247.26,250.38,250.0,253.14,199.82,204.21,149.9,146.42,6.201,0.0,8.676,9.0,0.0,3.528,0.0,3.906,0.0,5.508,4.527,0.38699999999999996,0.0,0.0,0.0,0.0,0.0,0.063,6.543,3.6
153,5260918,318.47,308.35,246.68,252.36,250.18,254.04,197.7,203.98,150.54,146.25,6.93,1.233,7.38,8.856,2.007,2.16,2.484,2.871,1.2779999999999998,2.097,2.1959999999999997,3.5010000000000003,1.665,0.29700000000000004,1.2240000000000002,2.142,1.08,1.647,8.235,2.898
154,6536842,318.47,308.35,247.43,247.67,246.53,252.25,198.82,204.91,147.55,147.36,2.5919999999999996,0.9,5.319,7.478999999999999,0.819,6.273,0.963,0.972,0.5489999999999999,4.9590000000000005,6.741,1.242,3.366,2.763,2.6999999999999997,0.07200000000000001,1.287,3.267,3.3209999999999997,5.688
155,1176674,318.47,308.35,246.53,246.11,249.98,252.17,197.65,201.3,152.18,146.93,8.631,0.17099999999999999,8.802,6.768,3.285,6.4799999999999995,1.7550000000000001,1.7550000000000001,0.19799999999999998,6.795,8.136000000000001,1.701,0.108,0.6749999999999999,1.818,0.7919999999999999,1.7550000000000001,3.267,6.912,6.741
156,1559081,318.47,308.35,246.35,252.72,250.9,249.34,201.62,203.42,151.51,149.58,4.563,1.0530000000000002,5.084999999999999,8.783999999999999,0.6479999999999999,4.752000000000001,1.476,5.652,3.222,7.398,5.886,2.826,1.881,2.8890000000000002,2.862,1.7730000000000001,0.6659999999999999,2.313,4.68,0.954
157,8436741,318.47,308.35,248.84,252.38,251.95,251.31,203.44,204.68,149.55,145.78,7.236000000000001,2.412,6.183000000000001,7.992,3.393,5.49,1.143,1.3139999999999998,3.5100000000000002,3.456,5.949,1.701,1.6019999999999999,3.222,2.871,0.40499999999999997,2.043,1.377,2.5200000000000005,6.912
158,1250297,318.47,308.35,246.44,249.62,252.66,253.96,203.52,204.11,153.84,148.83,8.406,0.45,8.064,7.056,1.8359999999999999,6.452999999999999,1.3319999999999999,0.945,3.447,3.78,2.6189999999999998,1.575,2.349,0.036000000000000004,0.6479999999999999,0.441,3.447,2.799,4.8870000000000005,1.476
159,4626131,318.47,308.35,246.15,253.2,249.4,250.16,200.9,204.12,150.9,148.53,4.239,0.46799999999999997,5.742,8.73,2.754,3.7079999999999997,2.1959999999999997,3.465,1.143,4.8420000000000005,4.464,0.441,1.782,2.241,2.367,2.934,0.23399999999999999,0.027,4.329,6.191999999999999
160,1201726,318.47,308.35,246.21,249.48,249.48,254.23,201.75,201.08,150.33,148.19,8.244,0.5309999999999999,6.777,5.985,1.8719999999999999,5.1659999999999995,3.1229999999999998,3.888,1.611,2.5559999999999996,7.974,1.1520000000000001,0.09,0.6659999999999999,0.369,1.233,3.195,1.386,5.526,6.705
161,9500097,318.47,308.35,247.56,252.11,248.2,254.3,197.71,204.07,146.98,147.25,8.469,3.555,7.56,8.469,2.025,6.5969999999999995,0.999,4.3919999999999995,1.971,7.6499999999999995,3.762,2.052,3.4290000000000003,2.331,1.5210000000000001,3.195,2.007,1.764,6.777,7.128
162,3845607,318.47,308.35,248.16,252.39,248.5,251.99,200.08,202.32,151.07,146.44,5.093999999999999,1.746,5.5169999999999995,5.958,0.09,1.3679999999999999,0.36,3.7439999999999998,3.267,7.6499999999999995,3.3209999999999997,2.673,1.449,0.09,1.845,0.027,0.54,2.799,5.562,0.837
163,1977946,318.47,308.35,245.9,247.19,247.29,252.69,200.37,204.89,146.93,148.33,5.859,1.044,8.604,6.218999999999999,0.513,5.066999999999999,1.8270000000000002,1.107,0.31500000000000006,2.727,5.688,2.61,3.5730000000000004,0.063,1.917,2.88,2.718,1.575,7.515,5.67
164,5322953,318.47,308.35,249.13,247.82,246.72,251.37,203.01,201.57,151.78,147.49,3.15,3.537,7.74,7.334999999999999,1.089,0.621,2.367,4.968,1.962,3.1049999999999995,7.569,1.89,3.33,0.432,3.015,0.369,3.231,0.018000000000000002,5.994000000000001,5.175
165,5898982,318.47,308.35,248.4,247.55,249.59,254.88,200.43,200.47,153.15,148.5,7.505999999999999,1.458,6.894,5.589,0.7829999999999999,4.1850000000000005,1.3499999999999999,4.257,2.6189999999999998,6.308999999999999,3.942,0.9359999999999999,1.998,2.16,0.891,0.08099999999999999,1.683,1.629,3.699,5.2379999999999995
166,3845144,318.47,308.35,249.49,251.44,251.41,250.96,197.69,202.59,150.06,146.65,8.91,3.0780000000000003,7.695,8.766,3.213,3.0330000000000004,0.513,2.439,2.1060000000000003,7.92,5.832,2.358,0.045,2.0340000000000003,3.528,2.916,1.5390000000000001,2.178,6.993,6.048
167,2654171,318.47,308.35,247.86,252.82,251.19,252.79,199.55,204.27,153.15,149.65,7.011,2.943,8.163,8.604,0.432,1.998,1.125,5.013000000000001,1.728,5.436,1.998,1.2240000000000002,0.7829999999999999,2.655,3.384,1.908,2.6999999999999997,1.8719999999999999,2.871,3.834
168,4889358,318.47,308.35,246.81,251.7,250.6,252.63,199.18,202.84,147.22,147.15,7.425,0.603,7.505999999999999,6.282,1.5839999999999999,4.149,1.953,0.882,3.231,3.816,5.040000000000001,2.5829999999999997,3.465,0.6659999999999999,3.051,2.322,3.087,3.357,7.155,5.031000000000001
169,5686623,318.47,308.35,247.14,251.04,248.62,250.14,200.33,202.35,148.51,148.76,8.298,0.504,6.822,7.443,1.665,4.8870000000000005,0.45,6.561,2.835,7.632,5.7330000000000005,3.1319999999999997,0.54,1.0170000000000001,0.963,1.215,2.187,2.835,8.199,3.7169999999999996
170,589115,318.47,308.35,250.28,250.99,247.23,252.69,200.1,201.17,149.89,149.56,6.452999999999999,0.15300000000000002,8.703,7.002000000000001,0.747,0.6569999999999999,0.513,1.7550000000000001,0.693,7.272,7.083,0.603,0.036000000000000004,3.0330000000000004,3.474,2.952,3.411,2.6999999999999997,7.0920000000000005,1.494
171,4986942,318.47,308.35,246.95,252.58,250.17,249.43,201.79,200.67,146.22,148.86,3.15,3.2489999999999997,7.622999999999999,5.9670000000000005,2.043,6.12,0.702,1.422,0.225,3.051,5.066999999999999,0.891,1.0530000000000002,0.6389999999999999,3.024,0.513,1.5210000000000001,1.512,4.0680000000000005,6.9030000000000005
172,7743393,318.47,308.35,249.65,251.12,246.44,250.95,198.93,200.53,146.71,145.6,4.311,2.88,6.372,6.335999999999999,2.097,1.8090000000000002,0.756,0.963,1.134,2.3760000000000003,7.290000000000001,3.1769999999999996,0.11699999999999999,2.205,2.259,0.045,2.6279999999999997,0.108,3.6450000000000005,5.886
173,933098,318.47,308.35,249.92,250.86,252.31,250.58,200.33,201.81,151.43,145.44,7.083,1.476,7.227,8.406,3.087,4.698,3.0330000000000004,2.6279999999999997,2.511,4.2299999999999995,2.763,2.943,3.294,1.638,0.513,0.19799999999999998,1.089,3.0420000000000003,8.541,0.6479999999999999
174,239272,318.47,308.35,245.58,246.73,249.38,252.77,197.42,203.79,147.31,148.0,2.655,1.647,8.181000000000001,8.631,3.2399999999999998,3.0060000000000002,0.423,3.186,0.837,3.303,5.7780000000000005,2.394,3.5100000000000002,2.4480000000000004,0.711,1.5479999999999998,2.5559999999999996,0.6749999999999999,8.775,1.0170000000000001
175,9096303,318.47,308.35,249.46,246.86,252.73,254.91,201.91,200.85,153.37,150.07,2.97,3.258,5.634,8.811,3.591,5.1659999999999995,3.0420000000000003,4.3919999999999995,0.027,5.796,5.643,3.159,1.0530000000000002,3.438,1.944,0.756,2.97,1.8719999999999999,3.2489999999999997,2.907
176,3274972,318.47,308.35,250.88,246.86,246.38,251.53,202.9,202.86,148.2,149.97,4.68,0.8009999999999999,6.452999999999999,6.093,1.728,1.6199999999999999,1.2240000000000002,4.104,1.8539999999999999,7.4879999999999995,5.0040000000000004,0.16199999999999998,2.88,0.054,1.242,1.656,0.09,0.5489999999999999,6.335999999999999,2.286
177,477703,318.47,308.35,246.31,247.03,246.51,249.25,202.49,202.86,153.7,148.66,4.446,1.701,6.741,7.4879999999999995,2.79,1.1880000000000002,1.3679999999999999,0.9269999999999999,2.97,4.077,7.425,1.2959999999999998,1.647,0.756,1.917,1.197,0.837,1.89,8.298,4.140000000000001
178,1024717,318.47,308.35,250.35,247.86,249.57,249.12,198.39,202.46,148.96,147.13,4.338,2.9970000000000003,8.298,7.704,1.593,3.5820000000000003,2.8890000000000002,6.282,1.197,2.223,2.052,2.9250000000000003,2.133,1.3319999999999999,3.492,1.908,2.133,1.5030000000000001,3.1229999999999998,1.161
179,219510,318.47,308.35,250.32,253.41,252.11,253.7,201.16,200.22,147.42,147.71,7.893,1.0619999999999998,5.427,7.5329999999999995,2.1060000000000003,5.084999999999999,3.303,4.122,3.3209999999999997,5.562,3.492,3.5820000000000003,1.845,0.477,1.305,3.087,2.475,0.972,7.388999999999999,3.5730000000000004
180,5991917,318.47,308.35,250.75,250.72,250.76,249.74,201.5,201.71,148.7,147.94,5.913,0.31500000000000006,5.148,8.082,0.855,4.95,2.205,6.39,0.09,7.119000000000001,1.818,3.303,1.989,1.719,0.819,0.15300000000000002,0.0,0.72,8.064,6.777
181,8116246,318.47,308.35,247.72,247.0,250.68,254.6,200.97,203.43,152.54,148.49,3.1229999999999998,0.108,7.272,8.892,1.53,4.284,2.88,5.526,1.107,2.5200000000000005,5.049,1.8270000000000002,2.8890000000000002,2.646,2.169,1.7910000000000001,1.179,1.125,3.2489999999999997,1.494
182,6703915,318.47,308.35,247.74,249.74,250.81,253.4,196.15,203.62,147.63,148.86,6.0840000000000005,1.341,7.173,5.724,2.331,3.528,0.18,7.425,1.845,3.537,5.8950000000000005,2.9970000000000003,1.08,0.963,2.601,3.348,1.998,0.873,8.019,6.624
183,7908023,318.47,308.35,250.66,251.48,250.01,252.23,196.96,200.97,148.7,146.88,7.299,2.9970000000000003,6.894,8.748,1.116,0.108,0.279,7.011,3.0330000000000004,7.947,4.329,1.98,1.71,1.2959999999999998,2.079,3.0060000000000002,2.79,2.511,7.4159999999999995,1.107
184,8607219,318.47,308.35,246.98,251.36,246.38,252.03,198.34,202.03,146.08,147.92,7.407,2.097,6.102,6.03,3.2489999999999997,1.449,2.655,1.5210000000000001,0.72,2.403,3.6540000000000004,2.835,0.29700000000000004,0.135,1.323,0.765,1.341,3.2489999999999997,3.807,0.9359999999999999
185,7374756,318.47,308.35,249.25,250.2,249.06,251.99,201.3,203.52,150.12,147.15,6.6419999999999995,0.567,7.758,8.082,2.763,6.624,1.701,2.4480000000000004,1.71,2.412,7.857,1.116,0.33299999999999996,1.305,3.348,0.981,2.151,1.782,5.949,3.267
186,7934134,318.47,308.35,249.45,248.74,247.31,252.67,196.96,201.21,152.02,149.44,8.406,0.09,7.2090000000000005,8.415000000000001,2.007,1.593,1.557,3.402,0.19799999999999998,5.058000000000001,1.575,0.243,1.2959999999999998,2.718,1.467,2.16,0.5489999999999999,1.971,4.815,2.403
187,4346512,318.47,308.35,247.78,251.59,247.51,254.03,201.19,203.16,151.89,149.08,5.652,1.2240000000000002,8.757,5.787,1.881,2.4930000000000003,0.18,5.679,2.88,5.084999999999999,5.210999999999999,0.19799999999999998,3.1049999999999995,0.693,1.728,1.665,0.954,3.411,3.402,2.4930000000000003
188,3599815,318.47,308.35,248.14,253.65,249.71,254.7,199.29,200.77,146.12,149.41,7.911,1.1880000000000002,5.301,7.938,2.511,4.1850000000000005,0.765,1.8719999999999999,0.9,1.8719999999999999,6.191999999999999,3.465,2.9970000000000003,2.835,0.216,0.09,0.846,1.359,4.059,5.877000000000001
189,952889,318.47,308.35,249.94,247.03,247.7,254.78,200.3,203.7,151.85,148.95,8.964,0.747,7.776,6.624,1.989,1.5479999999999998,3.222,2.3040000000000003,2.286,8.802,7.2540000000000004,1.8090000000000002,3.42,0.873,2.853,2.358,3.555,2.709,7.668,1.683
190,3909582,318.47,308.35,249.36,249.79,251.44,251.39,197.12,201.63,146.98,146.15,2.916,0.486,5.210999999999999,5.796,2.907,1.215,0.063,5.526,1.629,4.626,3.024,2.682,2.061,1.7910000000000001,1.53,2.988,2.5559999999999996,3.3209999999999997,3.6719999999999997,2.6279999999999997
191,9772391,318.47,308.35,247.69,248.07,252.51,249.96,196.61,201.83,149.69,150.03,6.39,0.6659999999999999,7.956,8.685,1.3319999999999999,2.511,2.3850000000000002,4.239,1.2600000000000002,2.25,2.403,2.61,3.303,0.16199999999999998,3.276,3.285,0.747,2.466,6.615,2.745
192,6284327,318.47,308.35,250.22,246.69,251.94,249.44,198.28,201.22,147.72,147.14,8.568,0.819,5.679,8.946,2.178,4.941000000000001,0.027,6.444,0.6839999999999999,7.263000000000001,2.241,3.366,2.862,1.2779999999999998,0.477,0.891,2.205,2.907,5.904,1.971
193,9285410,318.47,308.35,246.76,246.16,252.77,253.29,201.3,203.56,151.84,150.0,6.399,1.2240000000000002,5.183999999999999,5.994000000000001,0.873,2.916,0.486,1.575,1.476,7.929,5.985,0.189,3.375,1.881,1.557,1.89,2.1149999999999998,2.277,2.5200000000000005,4.401
194,5891687,318.47,308.35,248.02,250.2,253.13,254.04,196.22,200.9,150.39,150.38,7.281000000000001,1.917,6.228,5.337,2.673,6.452999999999999,2.1060000000000003,4.05,3.402,8.766,3.996,1.5210000000000001,0.819,2.6639999999999997,0.765,2.484,0.11699999999999999,2.916,4.554,5.3549999999999995
195,4884405,318.47,308.35,248.52,252.63,247.99,253.52,199.34,200.25,147.48,150.39,4.932,0.693,8.82,7.515,0.702,0.603,1.575,0.873,2.5200000000000005,7.0200000000000005,2.673,1.746,0.9359999999999999,2.5020000000000002,2.34,0.189,0.225,3.564,3.222,3.969
196,8857495,318.47,308.35,247.13,249.35,251.28,252.32,199.62,204.09,148.05,148.8,2.952,0.36,5.715,6.147,3.0420000000000003,1.494,1.404,5.634,2.079,2.601,4.779,2.475,0.32399999999999995,1.728,2.43,0.513,3.411,1.2510000000000001,2.763,2.61
197,1009783,318.47,308.35,248.83,246.47,246.95,252.83,199.26,200.76,147.58,145.41,6.39,0.14400000000000002,5.715,7.443,3.591,1.476,2.6279999999999997,7.316999999999999,2.826,5.715,5.255999999999999,0.18,0.6749999999999999,3.2399999999999998,0.261,2.178,1.179,0.126,5.4719999999999995,0.6389999999999999
198,7964813,318.47,308.35,251.11,251.4,248.67,253.32,202.93,203.39,150.68,147.17,3.951,3.447,6.732,5.49,1.206,2.142,2.349,3.528,2.4570000000000003,7.281000000000001,3.852,0.7829999999999999,0.585,0.9359999999999999,1.3319999999999999,1.2779999999999998,1.026,0.19799999999999998,4.113,1.899
199,5773134,318.47,308.35,251.21,251.04,248.09,251.53,199.54,201.11,148.54,149.64,3.2039999999999997,2.151,6.273,7.47,2.187,2.1959999999999997,3.492,7.875,3.303,3.7169999999999996,2.151,3.1679999999999997,2.016,2.4210000000000003,2.862,1.701,2.6999999999999997,2.763,5.625,4.662
200,885175,318.47,308.35,250.54,246.8,251.85,251.94,201.43,204.79,148.68,147.4,8.685,0.30600000000000005,7.236000000000001,8.037,2.79,5.877000000000001,2.763,4.761,2.853,7.038,1.71,3.0420000000000003,1.935,3.0420000000000003,2.8890000000000002,3.159,0.225,2.169,3.987,3.465
201,8179821,318.47,308.35,246.92,251.16,253.78,252.15,202.59,204.67,151.13,146.78,3.312,0.09,5.7330000000000005,8.1,2.1060000000000003,5.157,2.43,7.074,1.908,2.286,6.039000000000001,1.107,2.691,1.953,2.3760000000000003,2.88,2.484,1.0979999999999999,8.504999999999999,6.4799999999999995
202,4770897,318.47,308.35,245.56,248.01,249.05,252.68,200.97,204.46,151.07,150.31,8.172,3.375,6.426,6.687,3.285,5.445,0.08099999999999999,4.2749999999999995,0.837,2.4480000000000004,7.308000000000001,1.7730000000000001,0.279,1.71,2.3040000000000003,1.953,0.864,0.15300000000000002,5.994000000000001,6.507
203,3736396,318.47,308.35,245.48,248.5,252.5,253.81,202.03,201.53,153.63,150.39,4.923,1.467,5.138999999999999,8.397,2.763,2.88,3.231,2.574,1.143,2.043,4.707,0.17099999999999999,1.0530000000000002,2.952,1.989,1.845,2.412,3.483,8.199,0.99
204,6516315,318.47,308.35,247.7,250.53,249.07,254.31,198.81,203.88,149.75,148.77,8.559,0.747,7.659,5.418,3.222,4.716,2.313,3.69,1.359,4.464,3.276,2.403,0.945,1.0170000000000001,2.268,3.06,1.431,3.1229999999999998,3.0060000000000002,2.6999999999999997
205,9587007,318.47,308.35,248.95,251.02,247.78,253.25,196.27,204.81,149.81,149.76,3.348,0.07200000000000001,7.587,8.594999999999999,2.241,7.101,1.926,2.079,0.999,7.758,5.616,3.609,0.972,1.026,3.087,1.0170000000000001,3.366,0.07200000000000001,4.95,7.011
206,8261869,318.47,308.35,248.23,247.54,246.55,249.68,197.0,203.51,147.82,145.4,4.365,3.339,7.011,8.406,2.9610000000000003,5.183999999999999,2.637,2.241,1.944,2.223,7.425,1.647,1.2959999999999998,2.691,1.746,2.1959999999999997,1.134,1.3139999999999998,4.401,6.075
207,4256161,318.47,308.35,247.75,246.95,253.34,253.59,201.55,201.02,147.28,145.48,5.193,0.33299999999999996,8.199,6.0120000000000005,2.907,0.711,3.213,7.695,0.07200000000000001,8.415000000000001,1.593,3.663,1.926,1.611,2.484,2.4570000000000003,0.261,0.108,4.968,4.266
208,658206,318.47,308.35,248.54,250.05,250.32,250.26,197.69,204.24,148.95,149.6,3.7079999999999997,1.359,6.741,8.244,2.637,6.327,1.179,1.962,0.39599999999999996,7.272,5.175,2.295,1.8539999999999999,2.637,1.719,2.466,3.375,0.6659999999999999,2.88,0.864
209,461115,318.47,308.35,248.75,246.34,251.54,249.81,198.31,203.53,152.97,149.74,3.303,2.214,7.47,7.4879999999999995,0.945,2.061,2.223,2.844,1.8270000000000002,7.74,2.538,1.305,0.108,2.511,3.024,1.89,3.06,2.916,5.994000000000001,5.724
210,3540221,318.47,308.35,249.38,250.2,246.32,249.97,203.21,203.14,151.0,146.29,2.9610000000000003,1.7550000000000001,7.587,5.9670000000000005,2.511,4.59,0.846,4.3469999999999995,0.864,8.811,6.615,0.31500000000000006,3.186,3.348,0.621,2.8890000000000002,2.718,3.411,3.357,0.585
211,8467084,318.47,308.35,246.19,247.62,252.76,250.21,197.81,202.1,152.39,146.21,5.508,2.4210000000000003,8.577,8.559,1.728,4.167,2.4570000000000003,5.679,1.3679999999999999,3.6,2.1149999999999998,0.6659999999999999,0.711,0.9179999999999999,2.367,1.107,2.763,2.61,7.308000000000001,2.943
212,6691323,318.47,308.35,248.71,253.07,250.37,251.55,203.39,203.65,150.33,145.66,3.483,0.9269999999999999,6.894,7.011,2.673,1.323,2.439,1.287,2.655,3.402,8.037,2.655,1.0979999999999999,0.19799999999999998,0.522,3.258,1.026,1.647,6.651,2.358
213,3764054,318.47,308.35,247.95,248.6,252.38,249.09,200.8,201.68,150.72,148.56,4.086,2.3760000000000003,8.559,7.911,0.981,5.013000000000001,2.754,6.273,2.979,1.881,6.696,2.322,2.1239999999999997,0.036000000000000004,1.5479999999999998,1.5390000000000001,0.513,3.1319999999999997,8.829,1.206
214,3959244,318.47,308.35,246.0,251.68,246.09,254.72,200.76,202.06,146.46,147.46,4.446,1.485,5.327999999999999,7.938,2.9250000000000003,5.210999999999999,3.0420000000000003,1.2600000000000002,0.999,6.191999999999999,7.632,0.711,3.5010000000000003,2.061,1.917,1.5479999999999998,1.71,2.826,5.7780000000000005,1.2959999999999998
215,6188489,318.47,308.35,248.93,247.62,247.1,252.26,203.25,203.57,148.5,147.1,3.771,0.954,6.57,6.705,0.603,3.0780000000000003,0.747,3.8249999999999997,3.366,3.186,5.148,2.439,0.954,0.14400000000000002,0.07200000000000001,1.5030000000000001,1.2600000000000002,1.44,2.565,0.243
216,1177022,318.47,308.35,248.78,252.84,253.46,253.25,196.18,203.76,149.27,146.73,4.284,1.08,8.459999999999999,7.326,2.007,6.768,0.7739999999999999,5.0040000000000004,2.808,4.6530000000000005,6.804,0.621,2.079,1.737,2.6639999999999997,0.027,1.0170000000000001,2.5200000000000005,8.613,2.322
217,7000799,318.47,308.35,247.26,249.61,249.71,253.41,199.88,204.2,149.73,146.6,6.273,0.0,8.685,9.0,0.0,3.816,0.0,4.815,0.0,5.5169999999999995,4.581,0.765,0.0,0.0,0.0,0.0,0.0,0.0,5.3999999999999995,3.6270000000000002
218,9499880,318.47,308.35,245.08,250.55,248.79,251.75,199.8,202.58,150.9,147.84,5.5169999999999995,1.8270000000000002,7.47,6.579,2.412,2.97,1.917,2.061,1.1880000000000002,3.807,1.404,0.054,0.45899999999999996,1.881,0.018000000000000002,0.29700000000000004,2.34,2.61,7.785,5.859
219,6478356,318.47,308.35,247.82,250.54,248.38,252.59,203.08,202.17,147.83,149.08,5.688,0.17099999999999999,6.885,7.956,2.565,3.6719999999999997,2.772,2.9610000000000003,0.5489999999999999,6.048,6.948,3.303,1.395,0.873,0.261,0.19799999999999998,1.359,3.3209999999999997,7.884,1.305
220,4691909,318.47,308.35,248.04,247.17,246.46,252.06,200.82,200.59,151.72,147.57,7.749,0.261,8.459999999999999,7.155,3.384,1.431,0.23399999999999999,6.9030000000000005,1.5390000000000001,2.394,4.581,0.855,1.629,0.108,3.1679999999999997,2.637,3.0060000000000002,1.8090000000000002,4.464,1.746
221,8597374,318.47,308.35,245.45,252.7,247.49,249.82,203.84,204.52,149.79,145.77,6.353999999999999,3.465,7.155,8.847,0.693,6.282,2.772,7.191000000000001,1.989,5.8950000000000005,1.989,0.40499999999999997,0.891,3.366,1.323,1.719,0.39599999999999996,2.3040000000000003,4.851,1.782
222,8376482,318.47,308.35,248.65,253.31,249.08,253.1,202.97,201.66,146.76,149.28,5.418,0.954,6.273,6.2909999999999995,1.386,5.183999999999999,1.98,0.954,2.5829999999999997,4.554,1.3139999999999998,0.39599999999999996,1.5030000000000001,3.465,0.46799999999999997,1.971,3.348,2.7359999999999998,8.082,4.824
223,5726928,318.47,308.35,246.25,247.76,246.97,251.48,200.33,201.1,147.79,150.1,7.5329999999999995,1.89,8.253,6.183000000000001,2.133,3.456,3.447,3.141,0.09,7.577999999999999,7.433999999999999,2.799,1.593,2.538,2.808,0.23399999999999999,2.394,0.5489999999999999,4.986000000000001,2.781
224,273862,318.47,308.35,248.05,246.6,253.39,251.05,197.56,203.76,146.45,147.94,4.194,1.8270000000000002,5.274,5.445,0.09899999999999999,1.737,0.216,3.879,1.458,3.312,8.064,2.853,3.141,0.39599999999999996,2.853,3.0690000000000004,1.287,1.2240000000000002,7.56,1.0530000000000002
225,5875404,318.47,308.35,251.18,249.31,252.2,249.98,199.1,201.37,146.43,146.5,3.42,2.862,6.624,6.822,2.637,4.086,2.862,7.290000000000001,1.323,3.474,6.984,2.43,3.1679999999999997,0.846,1.863,2.907,0.33299999999999996,1.5479999999999998,3.834,4.896000000000001
226,5781996,318.47,308.35,250.47,252.82,249.84,253.26,202.18,200.82,151.52,146.34,3.87,0.9359999999999999,5.148,8.127,0.036000000000000004,0.29700000000000004,0.036000000000000004,2.16,2.187,6.759,3.411,2.367,1.3499999999999999,0.999,1.665,3.258,2.358,0.738,6.462,1.701
227,9434677,318.47,308.35,248.32,252.99,250.85,250.04,198.25,203.34,153.16,149.31,7.452,0.5940000000000001,6.0120000000000005,7.164000000000001,2.025,5.3999999999999995,0.747,2.4930000000000003,1.2240000000000002,3.6719999999999997,7.155,0.6839999999999999,1.359,3.411,0.207,0.558,2.331,0.945,7.443,1.89
228,4808105,318.47,308.35,250.07,247.53,252.46,249.99,203.85,202.86,146.78,147.17,5.183999999999999,3.2399999999999998,8.874,6.273,0.351,1.944,0.23399999999999999,3.5730000000000004,1.3499999999999999,6.039000000000001,7.173,1.305,0.495,2.142,0.99,0.6659999999999999,1.764,3.447,5.508,6.066000000000001
229,840317,318.47,308.35,249.13,250.13,246.65,253.35,198.58,204.7,147.65,146.51,3.5730000000000004,1.638,6.12,8.307,0.07200000000000001,1.494,0.504,6.849,2.871,2.052,8.145,1.422,0.828,0.864,2.5290000000000004,1.0979999999999999,2.952,1.845,8.037,1.764
230,1269356,318.47,308.35,248.26,249.16,249.15,253.73,200.87,201.18,148.36,148.84,7.407,1.008,8.163,6.308999999999999,1.116,3.213,0.0,7.92,1.161,8.586,2.151,2.763,1.287,3.024,2.3040000000000003,0.14400000000000002,0.729,3.0690000000000004,4.617,1.404
231,7626315,318.47,308.35,245.7,248.95,250.66,250.07,202.71,202.72,146.87,147.29,8.388,2.439,8.478,7.218,0.999,1.1880000000000002,2.1959999999999997,7.460999999999999,0.09899999999999999,6.534,3.231,2.025,0.34199999999999997,2.709,3.5460000000000003,2.61,1.206,1.1880000000000002,5.436,2.1149999999999998
232,2079260,318.47,308.35,245.43,247.73,249.56,254.41,199.16,203.75,153.06,149.61,4.572,0.225,6.048,8.532,3.447,0.8099999999999999,2.916,1.656,2.5829999999999997,4.014,7.938,2.052,2.358,2.727,3.537,0.252,1.971,1.458,7.128,5.292
233,1947081,318.47,308.35,247.42,249.04,247.23,253.44,198.5,200.41,152.14,149.37,8.748,2.745,8.613,7.272,2.052,1.71,1.935,5.409,1.2959999999999998,5.499,5.841,2.3760000000000003,3.195,3.1769999999999996,0.558,0.225,2.466,1.0350000000000001,7.587,4.644
234,1894313,318.47,308.35,250.92,249.91,246.73,253.62,201.28,202.22,150.63,150.05,2.898,1.215,5.372999999999999,7.551,1.071,3.5010000000000003,0.819,6.201,1.881,6.444,6.5249999999999995,4.014,3.474,0.603,1.242,2.277,3.5100000000000002,0.36,2.916,5.183999999999999
235,6818943,318.47,308.35,245.42,247.27,252.14,254.92,203.58,201.0,147.12,146.41,8.658,1.611,8.307,7.164000000000001,0.7919999999999999,2.259,1.593,4.806,1.8,5.409,3.735,0.32399999999999995,2.439,1.431,2.5559999999999996,2.1149999999999998,2.637,3.3209999999999997,5.337,6.345
236,7078048,318.47,308.35,250.51,247.89,249.98,253.54,201.89,202.83,148.84,146.74,3.888,0.36,7.173,6.462,1.863,1.0530000000000002,1.2240000000000002,2.412,3.438,8.469,4.023,2.331,2.952,1.476,3.0330000000000004,2.178,1.287,3.285,5.625,6.885
237,4307586,318.47,308.35,245.15,253.17,252.23,253.62,202.59,202.11,147.22,145.65,6.057,2.799,8.847,6.993,1.233,1.2510000000000001,1.0530000000000002,4.491,0.738,2.223,4.7700000000000005,0.027,3.276,1.5659999999999998,2.079,2.016,3.4290000000000003,0.828,8.568,6.093
238,8403190,318.47,308.35,250.38,249.16,253.86,249.42,201.41,200.91,153.03,149.65,4.563,0.846,8.442,7.632,3.564,6.5969999999999995,3.303,4.086,0.7919999999999999,7.2540000000000004,7.911,2.844,0.6300000000000001,1.89,1.683,0.33299999999999996,2.295,2.538,7.361999999999999,6.345
239,2275599,318.47,308.35,248.74,249.18,249.1,251.41,198.48,201.15,150.35,149.58,4.86,0.846,7.884,8.937,0.135,3.393,0.6569999999999999,0.9179999999999999,2.79,7.695,6.327,3.726,2.9250000000000003,2.5020000000000002,2.601,0.72,0.504,2.574,7.7219999999999995,4.455
240,1964915,318.47,308.35,251.23,250.98,246.62,250.64,203.57,203.14,146.87,149.57,3.294,0.999,6.057,7.272,3.2039999999999997,4.788,1.116,6.0840000000000005,1.989,5.742,2.412,0.189,3.393,0.18,1.026,2.511,2.475,1.5210000000000001,4.761,1.7550000000000001
241,9546811,318.47,308.35,251.13,250.12,249.31,252.64,203.1,203.01,146.81,145.36,4.383,0.5940000000000001,8.379000000000001,8.037,0.30600000000000005,6.885,2.4480000000000004,1.737,2.781,5.922000000000001,2.9250000000000003,2.178,0.15300000000000002,2.565,3.1319999999999997,1.089,0.864,0.7829999999999999,6.471,6.057
242,5988353,318.47,308.35,246.15,249.95,251.87,254.97,198.32,200.22,149.42,148.01,6.174,1.674,5.904,8.091000000000001,0.5489999999999999,2.259,2.682,7.343999999999999,2.025,5.634,5.418,1.422,3.1679999999999997,2.268,1.647,0.09,3.0060000000000002,2.988,5.715,6.282
243,4350902,318.47,308.35,248.3,246.21,251.62,250.27,197.56,204.4,146.98,148.63,4.428,1.89,6.201,5.922000000000001,0.495,1.2600000000000002,3.15,6.9030000000000005,1.134,8.082,6.786,3.951,2.79,2.682,2.6639999999999997,1.782,2.988,0.855,5.049,6.1290000000000004
244,1366269,318.47,308.35,247.26,250.57,250.43,253.15,199.99,204.21,149.9,146.24,6.174,0.0,8.676,9.0,0.0,3.447,0.0,4.086,0.0,5.499,4.626,0.34199999999999997,0.0,0.0,0.0,0.0,0.0,0.018000000000000002,6.669,3.1229999999999998
245,9746713,318.47,308.35,247.3,249.07,249.78,250.64,198.45,204.56,146.93,149.07,5.049,1.8359999999999999,6.813,8.757,2.853,4.752000000000001,0.432,6.849,0.6569999999999999,8.253,5.093999999999999,3.8249999999999997,1.179,0.486,2.781,1.359,1.8359999999999999,1.089,8.442,1.089
246,7994631,318.47,308.35,249.61,253.54,248.05,251.68,196.23,201.64,147.9,145.2,3.294,1.5479999999999998,8.352,8.856,0.5489999999999999,1.179,2.826,7.992,3.285,5.157,1.53,0.351,2.709,1.413,1.143,1.197,0.0,1.98,8.001,3.555
247,9307267,318.47,308.35,251.03,250.43,249.27,254.3,196.83,204.91,151.01,149.35,6.804,0.837,6.353999999999999,5.535,0.495,6.552,2.5290000000000004,5.454,2.5200000000000005,5.382,6.804,1.719,0.6839999999999999,3.0330000000000004,0.126,1.746,2.475,3.0780000000000003,7.2090000000000005,2.9250000000000003
248,1445079,318.47,308.35,251.12,253.17,247.76,250.6,199.21,204.73,149.07,145.24,4.878,0.108,6.417,8.514,2.5020000000000002,2.286,0.28800000000000003,5.913,0.216,8.289,5.228999999999999,4.032,0.135,0.6120000000000001,2.241,3.312,0.945,3.1229999999999998,5.661,5.292
249,2640097,318.47,308.35,246.33,249.86,253.8,252.15,199.54,203.88,149.39,149.32,5.697,3.312,7.821,7.155,1.287,2.7359999999999998,2.772,3.393,3.402,5.58,4.122,0.846,1.359,3.528,1.746,2.943,1.008,2.3850000000000002,5.679,4.383
250,1732575,318.47,308.35,250.32,252.46,251.51,253.66,198.09,200.82,146.38,149.52,5.607,2.934,7.056,7.263000000000001,2.394,5.823,1.413,3.6,2.259,8.586,3.996,0.45,1.926,0.423,2.7359999999999998,3.0690000000000004,1.0170000000000001,2.484,6.380999999999999,4.032
251,5882287,318.47,308.35,248.24,249.92,251.28,253.82,200.38,201.09,146.64,145.39,6.093,1.17,6.867,7.875,0.18,7.119000000000001,2.5919999999999996,2.295,3.0330000000000004,4.6080000000000005,5.715,3.339,1.008,2.5919999999999996,3.15,2.4480000000000004,0.7919999999999999,1.305,3.6450000000000005,7.083
252,582639,318.47,308.35,246.42,250.73,248.78,253.39,200.44,200.57,153.89,146.64,7.478999999999999,1.404,5.886,5.832,0.36,1.7910000000000001,1.143,5.769,3.159,4.563,7.460999999999999,0.828,2.178,0.6839999999999999,2.817,0.135,3.528,1.1520000000000001,7.785,5.751
253,412178,318.47,308.35,248.63,252.27,252.32,252.69,202.75,201.06,150.28,145.37,7.218,2.637,6.201,7.92,2.295,0.945,1.17,5.157,1.44,8.046,5.805,0.39599999999999996,2.646,1.422,1.656,2.241,1.0350000000000001,0.108,2.511,4.311
254,3729969,318.47,308.35,246.77,248.58,251.78,253.67,198.55,203.07,147.44,147.2,3.294,2.052,8.091000000000001,5.8950000000000005,2.43,1.233,0.17099999999999999,7.884,2.799,4.437,1.125,1.485,0.23399999999999999,2.79,1.071,1.197,1.3679999999999999,3.537,8.568,3.438
255,3209183,318.47,308.35,247.67,249.72,249.18,250.85,200.57,204.15,146.39,149.01,4.716,1.467,6.696,7.776,2.844,6.218999999999999,2.43,4.149,1.719,6.093,4.293,0.14400000000000002,1.944,2.565,1.665,1.206,3.5820000000000003,1.431,6.8580000000000005,0.603
256,824378,318.47,308.35,246.02,251.26,249.7,252.34,203.64,201.14,152.21,148.9,4.023,2.6999999999999997,7.956,6.777,2.394,0.963,1.2600000000000002,2.898,2.6189999999999998,4.59,7.4159999999999995,3.699,1.107,0.39599999999999996,2.799,2.097,0.09899999999999999,1.467,3.06,6.9750000000000005
257,1375953,318.47,308.35,251.12,249.21,248.17,250.08,198.21,201.79,148.63,150.16,6.606,0.09899999999999999,7.2540000000000004,5.7330000000000005,0.432,3.5460000000000003,1.431,6.507,0.864,4.302,7.974,3.771,1.8719999999999999,1.7910000000000001,3.087,2.043,3.2039999999999997,2.349,7.686,1.971
258,798941,318.47,308.35,250.32,253.12,246.4,253.83,197.55,200.56,153.19,146.49,4.41,3.5010000000000003,8.163,5.67,1.458,0.19799999999999998,1.377,3.816,2.349,6.093,7.299,3.996,0.837,2.0700000000000003,0.891,0.945,0.5309999999999999,2.5919999999999996,7.902,1.7910000000000001
259,6629062,318.47,308.35,247.26,249.97,250.02,253.25,199.95,204.21,149.66,146.42,6.263999999999999,0.0,8.676,9.0,0.0,3.69,0.0,4.140000000000001,0.16199999999999998,5.499,4.491,1.179,0.0,0.0,0.0,0.36,0.0,0.0,6.102,3.294
260,9732803,318.47,308.35,249.49,252.01,248.97,254.06,202.68,203.79,148.75,145.29,8.783999999999999,3.186,5.661,8.549999999999999,2.412,2.259,2.5559999999999996,1.242,2.988,8.19,6.138000000000001,1.161,3.456,2.6279999999999997,1.746,0.621,1.404,0.909,4.59,3.663
261,3070381,318.47,308.35,251.27,249.56,250.94,253.31,199.41,202.08,151.87,149.56,3.186,1.2600000000000002,5.679,6.138000000000001,0.945,3.375,2.646,1.818,2.916,5.805,4.140000000000001,1.44,1.089,2.6189999999999998,1.431,0.729,0.126,1.674,4.572,1.449
262,7013830,318.47,308.35,249.93,251.59,248.35,253.82,203.47,203.93,152.69,148.79,4.086,3.0060000000000002,5.841,8.613,2.205,5.103,2.799,7.632,2.007,7.407,2.538,2.052,1.323,0.837,1.242,1.026,3.0959999999999996,0.504,7.803,2.952
263,861250,318.47,308.35,249.56,253.37,252.16,251.13,201.72,204.6,146.92,146.26,8.766,2.25,5.9670000000000005,6.039000000000001,1.863,0.6659999999999999,2.241,2.484,2.4480000000000004,8.343,4.9590000000000005,2.286,0.909,1.0350000000000001,2.34,1.7910000000000001,2.0340000000000003,2.232,5.031000000000001,6.2459999999999996
264,6032384,318.47,308.35,250.95,251.65,246.33,253.64,197.86,202.11,153.71,149.99,5.255999999999999,1.467,7.9830000000000005,5.769,0.39599999999999996,6.66,1.2779999999999998,6.201,1.8359999999999999,4.599,6.66,0.963,3.5100000000000002,1.1520000000000001,1.647,1.845,0.279,0.08099999999999999,7.794,3.636
265,3356350,318.47,308.35,249.03,249.71,252.51,254.1,197.17,200.9,147.07,147.84,7.164000000000001,1.6199999999999999,7.641,5.904,2.43,2.025,2.538,5.562,1.881,7.407,5.292,2.268,1.287,1.0350000000000001,3.339,0.279,1.269,2.691,5.1209999999999996,4.212000000000001
266,5500179,318.47,308.35,250.12,248.01,249.42,250.13,198.73,202.28,146.95,146.19,5.058000000000001,2.952,7.236000000000001,7.128,1.944,5.013000000000001,3.564,6.1290000000000004,1.989,5.4719999999999995,5.868,2.6639999999999997,0.963,1.395,1.71,0.351,3.159,2.1239999999999997,3.465,4.761
267,3261087,318.47,308.35,247.21,252.54,246.49,250.86,202.39,201.39,153.51,145.44,4.896000000000001,0.738,5.175,5.625,2.727,6.236999999999999,2.43,7.7219999999999995,1.989,2.565,2.5290000000000004,2.187,0.747,0.621,2.052,2.214,3.492,2.295,3.879,2.5559999999999996
268,8027325,318.47,308.35,248.01,252.82,251.56,249.88,197.35,204.48,151.5,148.01,7.677,2.367,8.838,7.785,0.891,5.616,2.178,3.465,0.846,6.03,2.169,2.745,1.206,0.19799999999999998,0.018000000000000002,0.54,3.1769999999999996,2.745,5.2379999999999995,4.59
269,1930459,318.47,308.35,249.72,248.21,247.03,253.59,201.15,202.61,146.33,145.17,4.176,1.962,7.407,8.838,0.747,6.561,2.394,2.709,2.088,7.821,7.497,1.0979999999999999,1.8270000000000002,1.449,0.8099999999999999,2.1959999999999997,1.989,0.6389999999999999,2.475,3.564
270,333554,318.47,308.35,250.68,247.2,252.02,253.33,198.85,201.84,153.88,150.11,4.599,0.441,8.883,8.163,3.114,1.413,1.494,1.458,0.99,8.082,5.445,1.674,1.863,1.557,1.287,3.3209999999999997,1.7910000000000001,2.826,8.631,1.746
271,2044776,318.47,308.35,247.78,248.82,247.44,249.8,202.79,201.23,151.88,147.65,5.454,3.294,6.768,6.3629999999999995,1.179,0.17099999999999999,1.008,7.101,1.926,4.122,8.19,1.728,3.2489999999999997,1.026,1.782,2.367,2.871,0.6479999999999999,3.375,3.258
272,1306425,318.47,308.35,245.63,253.37,250.79,250.86,199.02,203.31,147.92,148.24,7.632,1.1520000000000001,6.03,6.444,2.6189999999999998,1.944,3.528,2.286,1.476,8.594999999999999,5.409,0.6839999999999999,0.18,0.945,0.414,2.655,0.495,2.241,4.203,4.581
273,2277727,318.47,308.35,250.65,253.15,246.94,252.1,196.33,204.38,149.54,146.1,7.785,1.179,6.165000000000001,8.262,2.943,6.003,3.528,6.1290000000000004,3.141,4.626,4.869000000000001,1.926,2.4210000000000003,0.765,0.39599999999999996,3.465,3.1769999999999996,2.844,6.435,0.864
274,8862048,318.47,308.35,247.55,251.52,252.58,251.98,202.13,200.99,153.59,147.16,7.577999999999999,3.564,6.552,7.164000000000001,0.32399999999999995,6.111000000000001,3.258,4.023,1.98,1.998,2.934,0.738,1.881,3.213,2.295,2.5200000000000005,3.087,0.378,6.588,6.8580000000000005
275,5123892,318.47,308.35,245.64,246.44,250.22,249.48,198.87,203.36,146.06,147.41,3.87,0.27,8.487,8.037,0.225,4.716,0.6389999999999999,6.768,3.1679999999999997,8.577,7.794,0.16199999999999998,0.252,1.458,3.195,1.2510000000000001,0.36,2.205,5.787,0.07200000000000001
276,6893957,318.47,308.35,245.04,249.45,248.46,254.25,201.63,201.82,149.81,148.35,8.577,2.979,6.5969999999999995,6.0120000000000005,1.917,4.914000000000001,1.593,2.1149999999999998,0.46799999999999997,7.622999999999999,3.276,1.3499999999999999,0.954,0.30600000000000005,2.691,0.8009999999999999,3.2039999999999997,3.474,8.163,0.17099999999999999
277,5073838,318.47,308.35,246.58,250.91,252.41,251.89,201.48,202.44,146.85,146.42,8.685,1.926,5.805,8.892,0.5489999999999999,0.846,0.14400000000000002,6.093,2.088,6.66,4.545,3.393,3.402,1.701,1.5479999999999998,2.709,3.5730000000000004,1.647,6.966,4.212000000000001
278,6603947,318.47,308.35,245.88,252.38,250.18,253.43,196.75,203.25,149.05,149.13,7.2540000000000004,2.367,8.568,8.334,1.044,0.558,2.7359999999999998,7.965,1.8270000000000002,6.885,6.1290000000000004,0.126,0.6389999999999999,1.413,3.1319999999999997,1.44,0.567,2.025,6.507,5.823
279,1610219,318.47,308.35,250.45,250.2,251.99,251.17,198.45,200.99,149.58,147.27,3.69,2.25,6.165000000000001,8.757,2.709,1.44,2.979,3.231,0.486,4.527,6.003,1.377,0.16199999999999998,2.403,3.42,2.9970000000000003,2.718,1.449,3.0780000000000003,2.5559999999999996
280,7135902,318.47,308.35,249.02,248.4,247.43,250.56,200.86,203.78,152.27,147.37,5.76,2.0700000000000003,7.505999999999999,6.399,3.411,5.031000000000001,0.243,3.15,0.864,6.102,6.263999999999999,3.942,2.088,0.981,2.763,1.5390000000000001,1.0979999999999999,0.5940000000000001,8.172,5.616
281,7780400,318.47,308.35,251.28,247.88,246.14,249.9,200.43,202.57,148.05,148.87,5.8500000000000005,1.944,5.823,8.082,0.99,1.863,0.29700000000000004,3.8249999999999997,2.952,1.98,4.8870000000000005,3.339,0.14400000000000002,1.3319999999999999,3.4290000000000003,0.36,0.14400000000000002,0.729,8.883,0.46799999999999997
282,1304586,318.47,308.35,246.97,253.1,249.05,249.23,202.28,200.72,146.32,149.73,8.307,3.0060000000000002,8.172,6.3629999999999995,1.386,3.807,3.2399999999999998,1.1520000000000001,2.043,3.483,4.176,2.916,1.863,0.702,0.32399999999999995,1.3319999999999999,0.6749999999999999,1.593,2.5200000000000005,6.5969999999999995
283,2314256,318.47,308.35,245.69,248.95,249.84,254.39,196.3,201.72,152.31,149.17,3.996,3.348,7.92,7.569,0.585,4.023,1.0350000000000001,2.358,0.423,3.474,4.761,3.663,1.5390000000000001,1.7550000000000001,0.54,1.899,0.6569999999999999,2.268,5.436,6.282
284,8923859,318.47,308.35,247.25,250.06,250.0,253.2,199.8,204.21,149.94,146.16,6.308999999999999,0.0,8.676,9.0,0.0,3.492,0.0,4.644,0.16199999999999998,5.499,4.617,0.5309999999999999,0.0,0.0,0.0,0.0,0.0,0.39599999999999996,6.3629999999999995,3.537
285,2367441,318.47,308.35,246.14,248.96,247.14,252.7,203.87,204.51,146.04,149.45,5.022,0.46799999999999997,5.148,7.614,0.621,0.11699999999999999,1.917,6.263999999999999,1.008,5.742,7.4159999999999995,1.818,2.088,3.474,1.269,1.7550000000000001,2.5919999999999996,2.259,4.617,3.348
286,5563424,318.47,308.35,247.71,253.05,250.25,252.2,201.17,201.15,151.13,145.41,6.759,1.206,6.444,7.677,1.458,3.6,1.7550000000000001,2.0700000000000003,1.926,6.3,3.591,2.412,0.18,2.952,3.384,1.044,2.088,0.711,3.2039999999999997,0.40499999999999997
287,6213153,318.47,308.35,250.42,247.85,248.89,250.04,196.43,201.88,146.32,146.85,3.906,0.189,7.2540000000000004,7.758,2.871,3.933,2.826,0.9359999999999999,2.061,4.158,1.0619999999999998,3.087,1.197,0.738,0.837,0.909,0.756,2.817,3.798,2.4930000000000003
288,6323409,318.47,308.35,248.1,253.11,252.64,249.68,199.97,202.24,148.7,150.33,7.749,0.603,8.136000000000001,5.922000000000001,3.465,6.705,3.1679999999999997,3.6540000000000004,2.916,1.962,6.345,3.852,2.952,0.33299999999999996,1.692,1.737,2.061,0.477,5.625,0.189
289,1451863,318.47,308.35,246.07,250.61,246.76,249.44,197.95,203.23,149.24,145.44,4.311,3.051,8.163,7.622999999999999,0.45,6.0840000000000005,1.125,5.274,0.972,2.1239999999999997,7.74,0.46799999999999997,1.044,1.5479999999999998,2.322,1.0530000000000002,3.5730000000000004,0.765,3.897,6.345
290,658649,318.47,308.35,249.0,247.23,253.91,250.09,201.75,201.45,153.87,145.16,7.218,3.15,8.118,7.281000000000001,2.862,3.1319999999999997,3.231,5.3549999999999995,1.764,4.311,6.03,1.5659999999999998,2.6189999999999998,0.6569999999999999,3.231,2.133,0.6389999999999999,1.53,3.564,4.995
291,1683603,318.47,308.35,249.09,247.64,246.27,253.65,199.39,202.88,147.08,149.1,2.88,0.891,7.299,5.499,0.28800000000000003,1.2510000000000001,1.467,0.909,0.6839999999999999,3.942,7.425,2.844,2.6999999999999997,1.494,1.17,3.375,3.2039999999999997,0.5489999999999999,8.442,0.828
292,2963844,318.47,308.35,250.85,251.0,252.26,254.76,200.83,204.52,149.87,146.62,8.289,0.432,7.776,6.534,0.891,5.931,0.756,5.5169999999999995,3.276,4.014,8.073,0.837,2.007,0.495,2.943,2.574,3.285,0.30600000000000005,8.127,2.322
293,9116549,318.47,308.35,247.13,246.84,252.86,252.55,203.35,200.72,151.36,146.15,8.865,2.232,6.318,7.848,0.32399999999999995,3.6540000000000004,0.864,7.505999999999999,1.305,5.1209999999999996,2.475,1.962,3.447,3.1679999999999997,1.728,3.1679999999999997,2.205,2.466,8.361,5.787
294,8623204,318.47,308.35,248.21,247.01,253.36,251.0,199.99,201.89,152.05,150.01,5.958,0.54,6.147,8.928,2.259,3.7079999999999997,0.909,6.777,0.38699999999999996,6.2909999999999995,2.349,0.189,2.016,3.222,2.358,1.6199999999999999,2.268,2.214,6.552,4.572
295,7825231,318.47,308.35,250.18,252.85,251.99,251.63,199.52,202.7,152.98,145.84,5.382,2.763,7.398,5.22,0.963,0.28800000000000003,0.963,2.4480000000000004,0.738,8.073,5.553,0.495,1.323,1.71,1.935,2.511,3.5820000000000003,2.133,2.5290000000000004,0.027
296,5672861,318.47,308.35,249.43,249.86,248.19,249.55,203.76,200.65,150.25,148.05,8.136000000000001,3.5010000000000003,5.093999999999999,8.001,0.432,0.765,3.0780000000000003,1.467,3.114,5.066999999999999,3.213,1.08,0.39599999999999996,1.026,1.98,2.061,3.186,2.3760000000000003,6.201,2.673
297,2433434,318.47,308.35,247.26,250.12,250.09,253.13,199.79,204.21,149.82,146.3,6.236999999999999,0.0,8.667,9.0,0.0,3.5460000000000003,0.0,4.581,0.009000000000000001,5.5169999999999995,4.644,0.423,0.0,0.0,0.0,0.009000000000000001,0.0,0.207,6.741,3.465
298,5673798,318.47,308.35,245.75,247.84,250.42,254.61,197.5,201.73,153.43,148.85,5.391,1.575,6.399,8.685,0.225,6.057,0.261,6.191999999999999,1.386,8.549999999999999,3.375,3.816,3.303,0.729,2.79,1.2510000000000001,0.19799999999999998,2.268,7.11,3.87
299,3566925,318.47,308.35,248.5,248.69,246.21,254.29,198.41,203.36,151.51,149.63,2.709,1.395,5.076,5.2379999999999995,2.169,4.824,1.476,7.758,1.674,7.029,2.6999999999999997,0.036000000000000004,1.341,0.207,1.494,2.6189999999999998,2.691,0.711,6.165000000000001,4.716
300,2292492,318.47,308.35,251.16,247.56,250.13,254.18,197.18,202.54,148.68,148.32,7.524,2.214,8.450999999999999,6.5969999999999995,1.458,1.998,1.008,5.904,1.926,5.3999999999999995,3.2489999999999997,3.6450000000000005,2.511,3.0060000000000002,1.2510000000000001,0.261,1.116,2.007,8.343,4.176
301,1286494,318.47,308.35,248.72,246.42,249.4,250.79,196.8,201.82,148.41,148.65,3.69,3.312,8.450999999999999,5.4719999999999995,0.351,6.615,0.45899999999999996,4.203,3.114,8.244,2.0700000000000003,2.952,1.3499999999999999,1.269,1.0619999999999998,1.5839999999999999,0.522,0.23399999999999999,8.568,5.67
302,22346,318.47,308.35,245.64,252.64,252.02,253.48,203.4,204.36,150.15,148.39,3.195,2.0340000000000003,8.514,7.6499999999999995,2.844,5.409,0.8009999999999999,6.282,2.772,5.805,8.001,2.394,0.891,2.412,3.555,0.018000000000000002,0.828,2.313,8.307,5.111999999999999
303,537276,318.47,308.35,246.35,253.03,251.88,249.17,199.38,200.41,152.55,146.64,4.239,1.395,7.47,6.111000000000001,3.0420000000000003,5.084999999999999,1.8090000000000002,6.4079999999999995,3.0780000000000003,5.31,7.794,0.945,1.764,1.908,3.258,1.998,1.008,0.5309999999999999,8.01,1.485
304,4945304,318.47,308.35,246.8,250.91,251.85,253.81,198.17,203.08,150.14,145.4,3.5820000000000003,2.637,5.301,5.652,2.817,3.402,3.3209999999999997,1.0979999999999999,3.2399999999999998,5.093999999999999,3.2399999999999998,1.0619999999999998,0.30600000000000005,0.819,0.369,1.935,1.674,2.088,4.41,0.603
305,2610292,318.47,308.35,249.79,247.0,247.93,250.44,202.22,203.84,147.03,150.39,7.947,2.25,8.559,6.777,3.2039999999999997,2.403,3.141,6.615,1.413,4.338,5.022,0.891,0.08099999999999999,3.1319999999999997,0.9179999999999999,2.214,1.0350000000000001,0.38699999999999996,8.145,5.3999999999999995
306,8351534,318.47,308.35,249.61,253.31,247.43,250.0,196.74,200.57,149.68,148.39,8.676,0.07200000000000001,8.919,7.065,0.846,4.383,3.555,3.951,2.754,8.549999999999999,1.413,0.477,2.178,1.323,3.213,0.207,3.438,1.5659999999999998,8.568,2.5559999999999996
307,3587823,318.47,308.35,245.62,246.87,249.93,253.71,200.33,202.91,150.76,145.18,2.871,1.8,6.588,8.793,3.159,2.799,1.413,2.079,2.727,3.339,2.565,0.909,3.537,1.728,0.108,3.159,2.169,2.844,6.786,3.591
308,3233138,318.47,308.35,246.56,246.99,247.19,253.14,201.64,204.93,147.71,147.13,8.01,1.431,8.847,8.991,2.313,4.8870000000000005,1.89,2.9250000000000003,2.0700000000000003,5.607,2.151,1.701,2.286,1.233,1.7910000000000001,1.701,0.972,2.817,6.624,3.285
309,8168778,318.47,308.35,247.23,249.69,249.37,253.29,199.54,204.21,149.74,146.56,6.191999999999999,0.0,8.676,9.0,0.0,3.348,0.036000000000000004,3.0959999999999996,0.378,5.5169999999999995,4.617,0.432,0.0,0.0,0.0,0.0,0.0,1.143,6.561,3.5100000000000002
310,5073964,318.47,308.35,245.69,249.3,251.0,252.3,198.69,201.64,149.2,145.68,7.569,0.414,5.904,5.607,2.475,4.518,0.216,2.826,1.683,3.924,5.093999999999999,1.2510000000000001,2.232,1.7910000000000001,1.6019999999999999,2.1060000000000003,1.971,1.3139999999999998,7.326,1.026
311,7636537,318.47,308.35,249.75,248.93,247.12,253.26,201.58,200.8,146.99,149.95,4.3469999999999995,0.252,7.668,5.499,1.593,2.4570000000000003,1.2779999999999998,1.2240000000000002,0.999,1.944,3.024,3.798,3.3209999999999997,3.4290000000000003,0.6479999999999999,0.711,2.5469999999999997,2.268,2.754,5.193
312,8482250,318.47,308.35,245.9,249.54,249.85,250.64,197.78,203.33,150.48,147.35,4.698,2.1149999999999998,6.678,7.5329999999999995,0.486,2.16,0.423,5.796,0.027,7.74,2.088,0.441,3.5460000000000003,2.5290000000000004,0.09899999999999999,0.711,3.339,2.817,7.353,5.148
313,4352133,318.47,308.35,247.95,250.41,249.84,252.33,201.59,201.61,148.88,145.58,6.039000000000001,0.432,5.228999999999999,7.749,3.447,4.995,2.5829999999999997,4.779,1.8539999999999999,1.89,3.6719999999999997,3.897,1.044,1.2959999999999998,1.764,2.43,3.0780000000000003,0.17099999999999999,7.974,4.7250000000000005
314,6828567,318.47,308.35,250.5,253.69,248.83,254.54,203.61,201.21,148.89,147.65,5.292,1.989,7.974,6.183000000000001,2.9970000000000003,2.133,3.3209999999999997,7.407,2.214,6.075,6.380999999999999,3.537,0.126,2.763,2.916,1.215,1.0530000000000002,1.845,6.921,6.849
315,3383450,318.47,308.35,250.07,247.88,246.08,249.57,199.78,200.82,149.05,149.26,4.509,1.926,5.58,7.74,0.18,3.4290000000000003,1.962,1.5210000000000001,0.34199999999999997,5.228999999999999,8.1,3.285,2.934,1.008,2.088,0.6839999999999999,1.197,0.711,7.92,4.995
316,5879142,318.47,308.35,246.0,248.02,247.0,254.32,202.19,200.35,148.61,148.22,6.543,3.411,6.1290000000000004,7.460999999999999,2.943,0.873,3.42,2.43,1.2240000000000002,2.3040000000000003,2.8890000000000002,0.945,3.42,2.5200000000000005,1.5210000000000001,1.1520000000000001,1.404,2.286,7.038,0.855
317,6071803,318.47,308.35,250.36,252.28,253.51,249.7,198.48,201.92,153.82,149.33,5.7330000000000005,0.846,8.442,7.92,2.781,4.644,2.5020000000000002,3.348,0.243,7.3709999999999996,3.222,2.952,0.45899999999999996,3.4290000000000003,3.141,1.5839999999999999,0.585,3.555,5.823,4.698
318,6355822,318.47,308.35,246.2,249.19,250.58,254.06,203.03,203.04,149.17,149.49,4.482,1.287,8.811,8.892,0.045,1.287,0.108,5.796,1.0350000000000001,6.372,4.734,1.422,0.432,2.187,2.799,0.261,1.1520000000000001,0.6300000000000001,6.948,6.318
319,8414633,318.47,308.35,249.19,246.35,252.61,251.65,200.81,202.4,151.89,145.76,3.0959999999999996,2.709,5.949,8.064,0.09899999999999999,4.131,0.711,3.7439999999999998,3.1679999999999997,5.031000000000001,6.516,1.638,3.276,0.38699999999999996,2.943,3.474,0.72,1.764,4.464,1.359
320,1385785,318.47,308.35,250.96,249.03,248.49,254.46,202.61,202.64,147.36,149.33,2.511,0.99,7.433999999999999,5.868,2.952,3.771,3.087,2.241,2.9970000000000003,7.758,5.193,2.016,2.214,1.98,1.08,0.216,3.1049999999999995,3.339,3.951,6.516
321,9270350,318.47,308.35,250.76,252.45,246.92,250.03,197.61,202.68,146.82,146.79,2.6639999999999997,2.907,6.5969999999999995,7.956,1.746,4.824,2.655,3.8609999999999998,0.864,6.075,4.293,0.477,2.367,3.348,3.051,1.0619999999999998,2.691,2.5200000000000005,6.615,2.844
322,4845788,318.47,308.35,248.25,252.63,252.91,252.08,200.04,202.97,152.51,147.69,3.303,2.871,7.929,7.7669999999999995,2.043,4.905,0.18,1.287,1.908,2.8890000000000002,3.6540000000000004,3.609,0.513,0.225,0.495,1.197,1.674,1.656,8.082,2.439
323,7151823,318.47,308.35,246.65,253.63,251.66,250.22,199.31,203.19,146.31,145.31,8.298,1.0619999999999998,5.8500000000000005,7.992,2.9610000000000003,4.59,0.945,1.953,0.7919999999999999,4.7250000000000005,1.629,2.178,0.189,1.323,1.638,0.39599999999999996,1.089,2.754,2.484,4.734
324,8421091,318.47,308.35,246.99,246.36,248.8,253.61,201.16,203.86,149.46,149.14,3.852,0.522,7.074,8.046,2.178,0.729,3.483,5.589,3.5010000000000003,2.952,4.247999999999999,1.179,0.702,0.495,1.143,1.197,2.016,1.287,8.532,1.3319999999999999
325,7495104,318.47,308.35,250.03,246.16,252.09,253.89,200.63,203.93,149.61,148.32,5.228999999999999,0.72,7.956,5.769,0.693,5.382,0.9269999999999999,4.626,2.1239999999999997,5.111999999999999,1.107,2.97,0.279,2.3040000000000003,3.195,0.16199999999999998,3.384,0.009000000000000001,5.076,3.798
326,6257308,318.47,308.35,250.87,247.97,247.06,250.32,202.14,203.84,148.3,147.3,6.921,1.0979999999999999,7.263000000000001,6.849,1.179,5.183999999999999,2.934,3.5100000000000002,0.945,7.803,6.831,2.871,0.891,0.6120000000000001,0.28800000000000003,2.178,3.519,0.765,8.937,5.445
327,4702178,318.47,308.35,250.63,252.74,251.9,254.67,199.48,202.08,148.1,148.24,8.946,1.206,5.544,6.741,2.268,5.247,3.186,7.695,0.189,2.007,5.877000000000001,1.89,2.241,0.40499999999999997,2.5020000000000002,3.1049999999999995,2.466,0.828,7.974,5.67
328,2267091,318.47,308.35,247.24,246.21,249.0,249.72,198.05,204.11,146.25,145.68,7.6499999999999995,1.818,6.3629999999999995,6.687,0.9179999999999999,0.414,0.243,0.882,0.5489999999999999,4.131,3.492,4.086,0.6300000000000001,1.8,2.1149999999999998,1.8,3.2039999999999997,3.222,8.541,7.029
329,5575797,318.47,308.35,249.59,250.59,252.91,253.95,196.98,203.57,153.97,148.67,6.228,0.225,8.766,6.624,1.971,1.476,0.018000000000000002,1.926,2.313,8.109,6.3,0.756,1.458,0.72,2.43,0.486,0.9,3.231,7.218,1.728
330,3636104,318.47,308.35,248.33,252.29,251.85,254.14,202.18,201.83,148.39,146.26,2.9610000000000003,2.772,8.811,6.714,2.907,3.0780000000000003,0.216,3.834,3.2399999999999998,3.5010000000000003,7.308000000000001,2.637,2.4930000000000003,1.935,1.0350000000000001,0.378,1.341,2.178,6.380999999999999,6.075
331,5613871,318.47,308.35,249.46,246.25,246.82,253.71,200.18,203.63,149.04,150.02,4.95,0.954,6.6419999999999995,6.741,1.53,1.7730000000000001,0.30600000000000005,6.507,3.024,8.649,8.181000000000001,2.178,1.962,1.395,3.258,3.267,3.438,3.447,3.2489999999999997,2.5200000000000005
332,2710355,318.47,308.35,250.63,252.75,250.74,250.83,198.72,203.83,146.57,147.25,2.6279999999999997,0.603,7.497,7.3709999999999996,2.097,1.269,0.7739999999999999,5.598,3.159,1.998,2.133,1.971,1.395,1.674,2.952,1.926,2.1149999999999998,1.5210000000000001,5.031000000000001,1.881
333,4477374,318.47,308.35,248.26,253.64,247.93,253.2,202.15,201.13,153.36,149.53,5.4719999999999995,1.764,5.553,7.155,1.512,0.126,1.287,4.365,3.42,5.931,2.43,3.897,2.232,0.7829999999999999,3.5460000000000003,1.0530000000000002,0.6749999999999999,1.305,7.227,5.292
334,5939499,318.47,308.35,246.14,249.39,246.72,254.25,197.07,204.44,147.68,148.36,5.769,1.881,8.928,8.352,0.5940000000000001,4.6530000000000005,1.467,2.88,0.765,8.622,4.428,1.5479999999999998,1.6019999999999999,0.207,2.781,2.466,2.1060000000000003,0.99,6.759,5.418
335,8058277,318.47,308.35,247.26,250.07,249.85,253.38,199.85,204.21,149.86,146.38,5.841,0.0,8.676,9.0,0.0,3.519,0.0,4.527,0.19799999999999998,5.508,4.626,0.45899999999999996,0.0,0.0,0.0,0.0,0.0,0.0,6.516,3.6540000000000004
336,5691823,318.47,308.35,250.91,252.4,251.73,252.12,198.43,201.98,151.74,149.81,4.7250000000000005,1.8539999999999999,8.712,5.292,1.629,0.189,2.691,7.191000000000001,2.61,7.47,3.0060000000000002,1.638,0.378,0.855,2.4480000000000004,1.575,2.844,0.009000000000000001,5.076,6.345
337,9133838,318.47,308.35,248.17,249.47,250.76,253.16,202.35,203.28,149.9,148.59,5.22,2.6639999999999997,6.624,5.697,0.9179999999999999,0.261,1.593,6.687,2.835,6.201,6.831,0.522,1.728,3.0060000000000002,2.4570000000000003,1.2779999999999998,2.4210000000000003,1.647,2.934,6.768
338,5695721,318.47,308.35,251.29,252.84,247.96,253.88,202.91,203.26,151.15,148.28,2.979,2.25,6.5969999999999995,5.391,0.711,6.651,2.637,5.67,3.0690000000000004,2.5829999999999997,6.687,0.8009999999999999,2.565,0.6389999999999999,2.6639999999999997,1.2959999999999998,2.511,0.6659999999999999,4.563,4.986000000000001
339,1354721,318.47,308.35,246.16,248.15,248.32,249.47,196.32,204.72,148.24,150.02,7.497,0.819,8.649,5.499,1.8719999999999999,1.134,2.0340000000000003,2.79,0.38699999999999996,2.367,5.228999999999999,2.4210000000000003,1.0170000000000001,2.1959999999999997,0.972,2.817,3.438,2.511,3.42,6.435
340,5729632,318.47,308.35,248.1,250.71,248.02,253.37,197.38,202.72,150.18,149.05,4.833,0.23399999999999999,6.345,7.119000000000001,2.979,5.193,0.603,2.223,2.4930000000000003,3.96,3.447,2.799,2.412,1.0619999999999998,1.08,2.259,1.7550000000000001,2.358,4.491,0.846
341,3978887,318.47,308.35,248.46,250.28,248.95,254.13,199.75,201.78,152.27,149.13,8.289,3.0780000000000003,5.7780000000000005,5.904,0.23399999999999999,0.38699999999999996,0.33299999999999996,7.47,2.6639999999999997,4.437,4.986000000000001,0.18,0.7739999999999999,3.375,0.7739999999999999,2.079,1.638,1.3319999999999999,5.391,6.462
342,7208691,318.47,308.35,249.58,248.56,251.15,252.33,200.65,204.36,152.11,145.96,7.686,3.492,5.616,8.037,0.504,3.942,0.243,4.077,1.107,7.0920000000000005,1.629,3.276,1.5479999999999998,0.72,1.8359999999999999,1.5390000000000001,2.718,1.701,5.409,2.637
343,1709290,318.47,308.35,245.15,251.5,246.63,252.11,202.53,202.0,151.81,149.76,5.346,3.375,8.811,7.038,2.781,5.274,1.359,7.164000000000001,2.1239999999999997,4.104,5.526,0.9179999999999999,2.367,0.279,1.683,2.718,1.629,1.125,5.652,5.372999999999999
344,2067161,318.47,308.35,245.34,252.63,250.04,249.75,203.42,204.35,146.54,149.59,2.538,2.5829999999999997,7.353,8.586,2.439,2.394,2.601,6.039000000000001,2.682,2.5290000000000004,7.7669999999999995,0.036000000000000004,0.9269999999999999,1.08,0.891,0.423,2.934,0.999,7.83,2.349
345,1937654,318.47,308.35,251.0,248.11,249.62,253.93,203.24,200.5,146.78,145.42,5.265,2.259,6.308999999999999,7.577999999999999,0.9359999999999999,0.14400000000000002,2.439,5.913,3.537,3.564,3.6809999999999996,1.8539999999999999,1.701,2.799,1.449,2.4570000000000003,3.015,1.926,7.614,5.688
346,1671788,318.47,308.35,245.8,249.0,248.14,253.07,196.36,204.25,150.39,146.28,8.847,3.5820000000000003,5.562,6.894,3.051,6.255,0.7829999999999999,1.161,1.197,7.92,7.704,2.097,2.241,0.828,0.6479999999999999,3.213,2.007,0.513,4.257,3.7169999999999996
347,5156088,318.47,308.35,246.33,249.54,250.11,251.41,198.88,204.06,147.15,146.79,4.302,0.45,7.290000000000001,8.109,0.07200000000000001,0.8009999999999999,0.46799999999999997,5.8950000000000005,2.133,6.777,7.343999999999999,3.906,3.519,2.1959999999999997,1.386,0.45,0.207,3.0420000000000003,6.255,0.19799999999999998
348,7855033,318.47,308.35,249.28,248.83,246.07,250.27,198.29,202.85,150.42,148.36,7.695,3.186,6.507,8.253,0.6479999999999999,6.624,1.467,1.287,0.504,1.98,1.593,3.474,2.214,1.8719999999999999,1.377,1.422,2.358,0.873,5.8950000000000005,3.6450000000000005
349,8060009,318.47,308.35,245.3,250.56,253.1,252.06,200.93,200.55,146.07,149.37,5.3549999999999995,1.08,6.741,7.2,3.42,1.5030000000000001,0.9269999999999999,6.165000000000001,3.312,7.884,2.817,3.798,1.08,2.5290000000000004,2.799,1.737,2.412,2.313,8.055,5.210999999999999
350,3463130,318.47,308.35,247.1,253.7,248.68,252.97,201.43,204.44,148.25,147.46,3.5820000000000003,1.404,6.345,8.370000000000001,2.6279999999999997,3.294,0.108,1.044,2.484,7.524,6.452999999999999,0.19799999999999998,0.747,0.126,2.6279999999999997,1.089,1.458,0.31500000000000006,3.996,1.593
351,5735768,318.47,308.35,248.81,248.67,252.93,251.9,201.12,203.68,150.07,150.16,5.634,0.6479999999999999,5.994000000000001,6.2459999999999996,0.6120000000000001,0.27,0.8009999999999999,1.377,0.567,3.6450000000000005,3.411,3.402,3.357,0.054,2.9610000000000003,3.492,3.519,0.07200000000000001,4.266,4.356
352,4728293,318.47,308.35,246.33,246.33,248.88,254.78,198.69,203.6,147.25,146.25,7.128,0.009000000000000001,5.553,8.738999999999999,2.565,1.7910000000000001,2.466,5.049,2.1060000000000003,6.2909999999999995,6.0120000000000005,1.2600000000000002,1.737,1.629,0.621,1.494,0.11699999999999999,3.375,2.979,1.782
353,6845831,318.47,308.35,246.25,253.4,251.32,253.25,201.89,202.5,149.94,149.18,2.682,2.223,5.94,5.2829999999999995,3.114,5.5169999999999995,0.972,3.411,1.845,6.380999999999999,6.831,3.447,2.745,2.322,1.323,2.988,0.33299999999999996,1.746,4.32,1.476
354,1796859,318.47,308.35,246.59,251.93,252.33,250.32,200.0,203.09,152.71,145.46,4.122,3.393,7.659,6.516,1.143,0.19799999999999998,3.222,4.518,3.303,5.814,7.641,2.97,1.485,0.279,2.5919999999999996,3.213,0.747,1.125,7.812,0.9179999999999999
355,3033126,318.47,308.35,249.99,246.63,246.61,249.5,202.2,203.25,147.23,145.98,3.8609999999999998,0.99,7.6049999999999995,5.751,2.718,4.203,0.261,2.979,0.33299999999999996,5.427,4.815,3.159,1.44,0.5760000000000001,0.054,1.0170000000000001,1.206,0.6569999999999999,4.914000000000001,7.038
356,7426798,318.47,308.35,248.69,249.74,251.49,252.19,198.87,203.12,147.18,148.04,7.119000000000001,3.015,8.811,8.001,2.61,2.5200000000000005,2.268,5.228999999999999,0.882,4.707,7.56,0.954,2.097,1.863,1.134,0.5760000000000001,3.195,0.063,6.147,6.876
357,3474899,318.47,308.35,245.9,249.61,247.82,249.86,202.0,200.92,147.97,145.35,2.7359999999999998,1.845,7.011,6.984,3.222,4.743,3.0780000000000003,5.544,3.492,5.292,1.71,3.465,0.909,1.449,2.754,0.6659999999999999,1.0170000000000001,1.962,3.15,3.051
358,2398962,318.47,308.35,249.99,249.74,249.77,252.88,201.71,204.62,152.42,147.3,6.228,1.161,7.164000000000001,8.712,1.953,3.987,2.5559999999999996,4.212000000000001,0.558,6.417,6.948,3.2039999999999997,3.537,0.414,2.826,1.476,0.5940000000000001,1.395,8.541,0.243
359,4843990,318.47,308.35,245.27,246.2,249.14,254.62,198.76,200.9,149.75,149.17,3.8609999999999998,2.709,6.426,7.353,1.764,1.026,1.458,4.824,2.5559999999999996,2.1149999999999998,1.3139999999999998,1.701,3.114,2.3040000000000003,3.222,1.44,0.27,1.674,3.06,0.09
360,4035880,318.47,308.35,250.31,252.41,246.36,251.55,197.88,201.19,148.27,147.18,3.996,1.305,5.994000000000001,5.499,0.28800000000000003,4.176,2.511,4.203,2.682,7.794,1.8539999999999999,1.3679999999999999,2.871,2.484,0.864,2.9970000000000003,3.258,0.36,2.6999999999999997,6.462
361,992553,318.47,308.35,249.56,252.16,249.41,250.62,202.38,203.29,152.56,146.45,5.913,0.6479999999999999,5.138999999999999,8.568,1.71,6.669,1.971,2.745,0.441,3.726,7.308000000000001,2.826,2.916,2.016,1.647,0.954,0.72,0.72,5.661,5.706
362,5993394,318.47,308.35,245.88,249.61,250.04,254.68,197.27,203.9,151.07,147.05,5.697,1.341,7.2540000000000004,7.433999999999999,0.9359999999999999,0.423,1.0350000000000001,6.39,1.881,3.6,5.904,2.412,0.261,3.348,0.45,0.9,2.6999999999999997,1.2959999999999998,5.58,6.822
363,1678910,318.47,308.35,248.22,253.19,246.1,250.05,203.69,201.79,150.02,147.72,6.849,2.655,6.201,7.785,1.458,0.5489999999999999,2.709,4.797000000000001,1.746,5.7330000000000005,5.364,1.089,3.447,0.09899999999999999,2.268,3.087,2.943,1.0350000000000001,8.514,1.5210000000000001
364,9290177,318.47,308.35,250.1,249.14,252.98,252.51,202.66,204.82,147.72,146.74,3.69,1.593,7.101,6.380999999999999,0.09899999999999999,5.301,0.522,3.231,3.456,5.985,7.803,2.097,2.808,2.16,2.745,3.2489999999999997,1.683,1.6199999999999999,7.452,4.779
365,5907093,318.47,308.35,245.22,252.41,246.7,253.36,203.68,204.83,151.63,147.15,5.9670000000000005,2.79,6.372,5.391,1.116,5.832,1.89,3.294,1.2240000000000002,2.844,3.375,2.0340000000000003,2.151,2.358,1.665,2.5829999999999997,3.411,3.195,5.958,2.538
366,3082072,318.47,308.35,245.76,252.55,248.23,250.75,197.92,200.27,152.67,150.05,6.183000000000001,1.2600000000000002,6.723,6.795,0.855,6.669,2.5559999999999996,0.864,0.135,4.239,2.565,2.5020000000000002,1.2959999999999998,3.0420000000000003,0.423,1.701,2.259,3.2399999999999998,8.766,6.003
367,7518450,318.47,308.35,247.9,247.75,248.92,249.84,202.51,200.73,147.81,149.78,4.8870000000000005,3.537,5.255999999999999,5.228999999999999,3.465,4.428,1.971,5.544,0.063,8.253,3.87,1.935,0.414,2.151,0.11699999999999999,0.31500000000000006,1.575,0.423,8.478,0.6120000000000001
368,2193112,318.47,308.35,247.26,248.24,253.27,252.24,200.36,201.9,149.5,146.38,5.4719999999999995,1.989,8.838,6.813,1.5030000000000001,0.189,1.656,1.422,3.465,8.748,4.0680000000000005,0.16199999999999998,1.413,3.5100000000000002,2.799,1.161,1.953,2.5829999999999997,8.361,6.263999999999999
369,8132031,318.47,308.35,250.09,249.2,252.43,251.01,198.17,203.06,153.51,149.88,4.635,0.414,6.795,6.0840000000000005,1.5659999999999998,1.575,3.0959999999999996,5.319,3.375,5.481,4.113,1.8270000000000002,1.674,2.6189999999999998,1.377,0.495,0.216,0.31500000000000006,4.140000000000001,2.817
370,2933405,318.47,308.35,247.64,252.73,251.78,252.39,200.88,203.84,147.7,149.65,6.9030000000000005,2.826,8.469,8.397,1.0979999999999999,6.705,3.5100000000000002,5.13,3.1769999999999996,5.066999999999999,2.025,0.6120000000000001,0.17099999999999999,0.711,0.36,2.3850000000000002,0.252,2.286,5.228999999999999,1.611
371,4464295,318.47,308.35,251.02,249.92,250.99,254.39,199.14,201.04,148.71,148.57,5.958,2.259,6.4079999999999995,5.7330000000000005,3.2399999999999998,3.6809999999999996,3.33,4.428,0.5309999999999999,6.624,1.179,3.7889999999999997,0.729,0.36,0.9179999999999999,1.2240000000000002,0.6389999999999999,0.945,5.751,0.522
372,1831687,318.47,308.35,248.36,250.44,249.99,250.44,197.56,204.07,147.12,147.23,6.651,1.719,7.929,9.0,0.018000000000000002,3.87,3.366,2.646,2.691,6.156000000000001,4.3469999999999995,1.7730000000000001,0.6479999999999999,1.638,2.6999999999999997,3.2489999999999997,1.98,1.0170000000000001,5.427,4.6080000000000005
373,1820905,318.47,308.35,247.44,247.58,249.69,253.37,202.17,204.06,147.28,146.76,4.878,0.252,6.1290000000000004,7.911,3.2039999999999997,3.924,2.268,5.265,0.33299999999999996,8.559,1.377,3.69,3.267,2.988,1.719,2.232,0.558,2.844,7.821,4.05
374,811988,318.47,308.35,246.06,250.9,251.0,249.7,200.9,203.27,147.5,145.32,4.437,2.403,8.495999999999999,6.111000000000001,0.207,1.242,2.853,2.799,0.243,2.5200000000000005,1.197,0.909,3.438,0.11699999999999999,1.494,2.4480000000000004,3.258,1.044,4.419,5.382
375,881558,318.47,308.35,247.27,253.35,247.22,251.23,197.29,202.63,146.64,149.85,7.5329999999999995,2.916,7.857,8.19,1.494,0.225,2.907,2.223,2.25,6.804,1.575,1.962,1.998,3.114,0.5760000000000001,1.233,0.216,3.087,4.7700000000000005,3.357
376,2094031,318.47,308.35,249.92,251.25,251.38,250.9,197.36,201.19,147.89,147.72,8.199,2.682,7.334999999999999,6.353999999999999,0.6839999999999999,2.6189999999999998,2.0340000000000003,2.835,2.34,4.716,7.677,0.828,3.159,0.765,2.844,0.711,2.763,0.846,5.049,5.94
377,6610412,318.47,308.35,247.59,249.23,252.08,252.39,199.43,203.92,152.13,147.55,4.104,1.242,8.703,7.2,3.357,4.986000000000001,1.305,4.041,1.197,5.013000000000001,2.322,1.341,2.988,3.393,0.6479999999999999,0.963,0.15300000000000002,0.207,7.839,5.589
378,1408783,318.47,308.35,248.08,253.54,246.51,253.43,196.7,201.37,149.69,149.78,3.456,2.016,6.165000000000001,6.705,2.1239999999999997,6.236999999999999,0.693,6.8580000000000005,2.6639999999999997,6.741,2.61,1.674,2.952,2.6999999999999997,3.0780000000000003,1.179,1.2510000000000001,1.5210000000000001,6.8580000000000005,4.131
379,9401616,318.47,308.35,250.21,249.87,246.33,251.78,203.33,200.52,149.73,148.03,8.91,3.294,7.128,5.247,2.943,2.781,2.988,6.867,0.9,3.942,1.233,3.2399999999999998,1.746,1.7730000000000001,0.40499999999999997,3.0420000000000003,1.656,2.817,5.1209999999999996,5.183999999999999
380,758890,318.47,308.35,245.76,251.72,249.37,252.75,196.31,204.02,152.88,148.17,3.5460000000000003,0.135,5.418,8.424000000000001,2.727,1.134,1.701,7.6049999999999995,0.07200000000000001,4.527,6.651,1.926,0.891,1.989,2.214,1.134,3.564,1.557,4.68,2.16
381,2731133,318.47,308.35,249.58,249.11,252.65,254.0,202.08,203.02,146.72,145.37,4.932,1.638,5.049,5.372999999999999,1.8539999999999999,5.0040000000000004,0.027,3.6180000000000003,2.5290000000000004,3.906,7.505999999999999,0.135,3.5100000000000002,0.18,3.1229999999999998,2.043,0.8099999999999999,2.16,5.210999999999999,3.222
382,5097501,318.47,308.35,248.53,248.2,248.81,249.37,199.91,200.48,146.82,147.68,6.489,0.261,8.514,6.174,2.97,4.545,1.8270000000000002,4.311,2.6639999999999997,3.1229999999999998,2.214,0.6839999999999999,1.7910000000000001,3.0690000000000004,2.9970000000000003,1.647,2.079,1.08,2.979,3.897
383,77531,318.47,308.35,247.38,251.36,246.94,249.73,200.21,200.35,152.08,145.15,8.549999999999999,0.5309999999999999,8.442,8.298,1.818,4.8420000000000005,0.40499999999999997,5.787,2.5829999999999997,4.05,6.552,1.764,3.5100000000000002,0.29700000000000004,2.223,1.5479999999999998,2.1959999999999997,0.513,4.113,3.312
384,1725681,318.47,308.35,247.42,246.82,246.08,249.89,201.2,201.64,153.93,147.74,2.808,0.225,7.622999999999999,6.615,1.7910000000000001,3.465,0.054,3.492,1.53,6.867,3.294,4.077,1.08,0.054,1.8270000000000002,2.34,3.0959999999999996,2.898,3.5100000000000002,6.462
385,9876217,318.47,308.35,248.01,247.94,251.53,249.34,197.59,202.36,153.89,146.53,3.978,0.09,6.345,7.2540000000000004,1.926,0.567,0.09,5.364,2.277,5.022,4.284,1.494,0.702,0.45,1.638,1.3499999999999999,3.2399999999999998,0.855,3.258,3.33
386,5656974,318.47,308.35,248.68,250.64,253.91,249.22,198.58,202.26,146.87,147.51,6.2909999999999995,2.8890000000000002,8.549999999999999,8.388,0.693,0.756,0.17099999999999999,0.846,2.5200000000000005,7.956,4.833,1.3499999999999999,2.151,3.393,2.754,1.386,1.53,0.6749999999999999,3.474,5.364
387,475196,318.47,308.35,247.26,250.03,250.02,253.24,199.88,204.21,149.86,146.28,6.147,0.0,8.676,9.0,0.0,3.609,0.0,5.157,0.0,5.49,4.626,0.33299999999999996,0.0,0.0,0.0,0.0,0.0,0.16199999999999998,6.651,3.465
388,254776,318.47,308.35,245.92,252.82,250.15,251.52,203.19,204.35,148.71,147.88,6.66,0.054,6.174,6.66,0.027,6.777,3.15,3.735,2.142,6.993,7.56,2.898,0.6749999999999999,3.051,0.0,0.0,3.1229999999999998,0.945,2.8890000000000002,2.8890000000000002
389,6508832,318.47,308.35,248.02,252.58,252.17,250.84,197.26,203.48,152.37,145.47,5.751,3.402,6.813,6.228,2.205,6.435,1.71,4.527,3.1049999999999995,3.528,7.632,2.565,2.835,3.339,0.486,1.215,2.88,2.7359999999999998,7.155,1.287
390,6492204,318.47,308.35,250.06,253.7,249.0,252.7,198.93,200.29,147.54,148.65,2.5200000000000005,1.782,8.127,7.425,2.871,3.987,0.7919999999999999,5.8950000000000005,0.495,7.677,7.956,0.9,1.341,2.025,2.016,2.988,1.341,2.6999999999999997,2.475,7.11
391,3900,318.47,308.35,249.62,247.98,249.1,254.7,196.72,201.5,150.8,147.69,6.273,2.79,5.7330000000000005,7.83,2.6999999999999997,5.976,0.963,5.931,2.286,4.6080000000000005,7.551,0.99,0.108,2.061,2.5469999999999997,1.3679999999999999,1.0530000000000002,0.711,5.715,4.329
392,5886514,318.47,308.35,247.25,250.03,250.11,254.04,202.66,200.96,148.58,145.45,7.2,0.603,8.577,5.265,2.1060000000000003,3.852,1.7910000000000001,5.103,2.052,5.787,2.1149999999999998,1.512,2.4570000000000003,1.197,2.439,1.0619999999999998,0.018000000000000002,1.782,7.433999999999999,2.475
393,7693019,318.47,308.35,247.84,253.11,250.94,251.64,201.22,201.34,151.7,149.76,8.766,1.656,6.9030000000000005,6.093,0.018000000000000002,5.922000000000001,0.909,6.048,2.9250000000000003,7.542,2.5290000000000004,3.969,1.44,1.206,0.954,2.205,0.16199999999999998,1.7550000000000001,5.2379999999999995,2.988
394,5655018,318.47,308.35,250.51,251.22,249.47,250.79,199.79,202.16,151.49,146.3,7.569,3.375,7.884,8.766,2.052,2.142,2.5020000000000002,2.898,0.5489999999999999,5.94,2.412,0.351,3.087,3.5730000000000004,0.063,0.19799999999999998,2.682,0.5309999999999999,6.804,3.375
395,4563565,318.47,308.35,250.52,253.81,250.4,252.47,200.89,201.09,146.25,147.0,7.911,0.585,5.868,9.0,3.375,3.807,1.971,3.0959999999999996,1.071,3.996,5.445,3.6540000000000004,1.629,0.963,2.862,0.99,1.845,2.475,4.941000000000001,4.329
396,7975125,318.47,308.35,246.9,247.51,250.45,254.17,197.2,204.6,150.55,145.13,7.839,0.9359999999999999,7.281000000000001,8.667,0.28800000000000003,5.823,1.746,1.989,0.567,4.995,6.3,2.367,0.5940000000000001,0.369,0.23399999999999999,2.187,0.08099999999999999,1.998,5.093999999999999,2.799
397,4633661,318.47,308.35,247.25,250.16,250.82,253.47,199.92,204.21,149.96,146.3,6.075,0.0,8.676,9.0,0.0,3.7079999999999997,0.0,5.5169999999999995,0.0,5.499,4.869000000000001,0.54,0.0,0.0,0.0,0.0,0.0,0.216,6.876,3.375
398,9228482,318.47,308.35,249.32,251.4,252.92,251.17,198.73,200.8,151.52,148.52,3.024,1.431,7.7219999999999995,6.2459999999999996,1.6019999999999999,1.8,2.79,6.624,2.565,8.1,6.165000000000001,2.277,2.754,3.5460000000000003,2.241,1.215,1.0350000000000001,0.09899999999999999,7.0200000000000005,6.308999999999999
399,1200076,318.47,308.35,250.5,251.23,249.29,251.41,197.37,204.08,153.67,145.86,3.492,0.09,7.6049999999999995,5.210999999999999,2.4210000000000003,3.879,0.864,1.719,0.189,8.693999999999999,7.857,0.33299999999999996,3.303,0.819,0.16199999999999998,0.7829999999999999,0.909,3.0060000000000002,8.667,7.0200000000000005
400,8027421,318.47,308.35,245.09,249.85,252.77,249.76,202.94,202.08,146.89,147.07,7.343999999999999,1.1880000000000002,5.67,7.334999999999999,0.477,0.6389999999999999,1.512,3.0959999999999996,2.16,4.482,7.2540000000000004,0.8099999999999999,2.6279999999999997,1.764,3.276,0.207,2.187,1.674,2.718,3.231
