ID,resname,resid,x_1,y_1,z_1
R1107_1,G,1,0.5137383,0.70324117,0.6593754
R1107_2,G,2,0.564561,0.7938171,0.7673258
R1107_3,G,3,0.5563823,0.7792411,0.74995375
R1107_4,G,4,0.5510123,0.76967067,0.7385476
R1107_5,G,5,0.5488913,0.76589066,0.73404247
R1107_6,C,6,0.54831946,0.7648714,0.7328277
R1107_7,C,7,0.54822946,0.7647111,0.73263663
R1107_8,A,8,0.54823375,0.76471865,0.73264563
R1107_9,C,9,0.5482433,0.7647356,0.73266584
R1107_10,A,10,0.5482521,0.7647514,0.7326846
R1107_11,G,11,0.54825926,0.76476425,0.73269993
R1107_12,C,12,0.5482644,0.76477325,0.7327107
R1107_13,A,13,0.5482662,0.7647765,0.73271465
R1107_14,G,14,0.54826343,0.7647717,0.7327088
R1107_15,A,15,0.54825586,0.76475817,0.7326927
R1107_16,A,16,0.5482441,0.76473707,0.7326676
R1107_17,G,17,0.5482306,0.764713,0.7326389
R1107_18,C,18,0.54821837,0.76469135,0.73261315
R1107_19,G,19,0.54820997,0.7646764,0.7325953
R1107_20,U,20,0.5482061,0.7646695,0.73258704
R1107_21,U,21,0.5482056,0.7646685,0.73258597
R1107_22,C,22,0.5482062,0.7646697,0.7325873
R1107_23,A,23,0.548206,0.7646691,0.73258674
R1107_24,C,24,0.5482038,0.76466554,0.7325823
R1107_25,G,25,0.54820037,0.76465935,0.73257494
R1107_26,U,26,0.5481968,0.76465297,0.73256725
R1107_27,C,27,0.548195,0.76464975,0.73256356
R1107_28,G,28,0.5481962,0.76465195,0.7325662
R1107_29,C,29,0.5482011,0.76466036,0.73257613
R1107_30,A,30,0.5482086,0.764674,0.7325924
R1107_31,G,31,0.5482175,0.7646898,0.73261124
R1107_32,C,32,0.5482253,0.7647036,0.7326277
R1107_33,C,33,0.5482297,0.76471144,0.732637
R1107_34,C,34,0.5482296,0.76471126,0.73263687
R1107_35,C,35,0.5482255,0.76470405,0.7326283
R1107_36,U,36,0.54821944,0.7646932,0.73261535
R1107_37,G,37,0.5482136,0.7646829,0.73260295
R1107_38,U,38,0.54821014,0.76467663,0.7325956
R1107_39,C,39,0.5482098,0.7646761,0.7325949
R1107_40,A,40,0.5482123,0.7646803,0.7326001
R1107_41,G,41,0.54821634,0.7646877,0.7326088
R1107_42,C,42,0.54822075,0.7646956,0.73261815
R1107_43,C,43,0.5482242,0.7647016,0.73262525
R1107_44,A,44,0.548226,0.76470476,0.7326292
R1107_45,U,45,0.54822654,0.7647057,0.7326302
R1107_46,U,46,0.5482261,0.76470506,0.73262954
R1107_47,G,47,0.5482255,0.7647039,0.7326281
R1107_48,C,48,0.5482247,0.7647026,0.7326265
R1107_49,A,49,0.5482234,0.76470023,0.73262376
R1107_50,C,50,0.5482203,0.76469487,0.73261726
R1107_51,U,51,0.5482148,0.76468486,0.7326054
R1107_52,C,52,0.54820645,0.7646702,0.7325878
R1107_53,C,53,0.54819643,0.7646523,0.73256654
R1107_54,G,54,0.5481868,0.7646349,0.7325459
R1107_55,G,55,0.5481795,0.764622,0.7325305
R1107_56,C,56,0.54817677,0.7646173,0.7325248
R1107_57,U,57,0.54818016,0.7646234,0.7325321
R1107_58,G,58,0.5481899,0.76464057,0.7325525
R1107_59,C,59,0.54820454,0.7646665,0.7325836
R1107_60,G,60,0.54822123,0.7646963,0.73261905
R1107_61,A,61,0.54823625,0.7647231,0.73265105
R1107_62,A,62,0.5482465,0.76474136,0.73267275
R1107_63,U,63,0.5482546,0.7647559,0.73269004
R1107_64,U,64,0.54834855,0.7649233,0.7328896
R1107_65,C,65,0.5489167,0.76593584,0.7340962
R1107_66,U,66,0.5510288,0.7696999,0.73858243
R1107_67,G,67,0.5563884,0.7792519,0.74996656
R1107_68,C,68,0.56455874,0.793813,0.76732093
R1107_69,U,69,0.5137332,0.7032322,0.6593649
R1108_1,G,1,0.5137383,0.70324117,0.6593754
R1108_2,G,2,0.564561,0.79381704,0.7673258
R1108_3,G,3,0.5563823,0.7792411,0.74995375
R1108_4,G,4,0.5510123,0.76967067,0.7385476
R1108_5,G,5,0.5488913,0.76589066,0.73404247
R1108_6,C,6,0.54831946,0.7648714,0.7328278
R1108_7,C,7,0.54822946,0.7647111,0.73263663
R1108_8,A,8,0.54823375,0.76471865,0.73264563
R1108_9,C,9,0.5482433,0.7647356,0.73266584
R1108_10,A,10,0.5482521,0.76475143,0.7326847
R1108_11,G,11,0.54825926,0.76476425,0.73269993
R1108_12,C,12,0.5482644,0.76477325,0.7327107
R1108_13,A,13,0.5482662,0.7647765,0.73271465
R1108_14,G,14,0.54826343,0.7647717,0.7327088
R1108_15,A,15,0.5482558,0.7647581,0.73269266
R1108_16,A,16,0.5482441,0.7647371,0.7326677
R1108_17,G,17,0.5482305,0.764713,0.7326389
R1108_18,C,18,0.54821837,0.7646913,0.73261315
R1108_19,G,19,0.5482099,0.7646763,0.7325952
R1108_20,U,20,0.548206,0.76466906,0.73258656
R1108_21,U,21,0.548205,0.76466763,0.7325848
R1108_22,C,22,0.5482049,0.76466733,0.7325845
R1108_23,A,23,0.54820323,0.76466435,0.732581
R1108_24,C,24,0.54819894,0.76465684,0.7325719
R1108_25,G,25,0.5481925,0.76464516,0.732558
R1108_26,U,26,0.54818535,0.76463246,0.73254293
R1108_27,C,27,0.54817986,0.76462275,0.73253137
R1108_28,G,28,0.5481782,0.7646197,0.7325278
R1108_29,C,29,0.5481814,0.7646255,0.7325346
R1108_30,G,30,0.5481894,0.76463956,0.7325514
R1108_31,G,31,0.5482,0.76465875,0.73257416
R1108_32,C,32,0.54821086,0.76467794,0.7325971
R1108_33,C,33,0.5482187,0.764692,0.732614
R1108_34,C,34,0.54822206,0.76469797,0.7326209
R1108_35,C,35,0.5482208,0.76469576,0.7326183
R1108_36,U,36,0.5482167,0.7646883,0.73260945
R1108_37,G,37,0.5482122,0.7646802,0.73259985
R1108_38,U,38,0.5482094,0.76467544,0.7325941
R1108_39,C,39,0.5482094,0.76467556,0.7325942
R1108_40,A,40,0.5482122,0.7646802,0.7325999
R1108_41,G,41,0.54821634,0.7646877,0.73260874
R1108_42,C,42,0.54822075,0.76469547,0.73261815
R1108_43,C,43,0.5482242,0.7647016,0.7326253
R1108_44,A,44,0.548226,0.7647048,0.73262924
R1108_45,U,45,0.5482265,0.7647057,0.7326302
R1108_46,U,46,0.5482261,0.76470506,0.73262954
R1108_47,G,47,0.5482255,0.7647039,0.7326281
R1108_48,C,48,0.5482247,0.7647026,0.7326265
R1108_49,A,49,0.5482234,0.76470023,0.73262376
R1108_50,C,50,0.5482203,0.76469487,0.7326172
R1108_51,U,51,0.5482148,0.76468486,0.7326054
R1108_52,C,52,0.54820645,0.7646702,0.7325878
R1108_53,C,53,0.54819643,0.7646523,0.73256654
R1108_54,G,54,0.5481868,0.7646349,0.7325459
R1108_55,G,55,0.5481795,0.764622,0.7325305
R1108_56,C,56,0.54817677,0.7646173,0.7325248
R1108_57,U,57,0.54818016,0.7646234,0.7325321
R1108_58,G,58,0.5481899,0.76464057,0.7325526
R1108_59,C,59,0.54820454,0.7646665,0.7325836
R1108_60,G,60,0.54822123,0.76469636,0.73261905
R1108_61,A,61,0.54823625,0.7647232,0.73265105
R1108_62,A,62,0.5482465,0.76474136,0.73267275
R1108_63,U,63,0.5482546,0.7647559,0.73269004
R1108_64,U,64,0.54834855,0.7649233,0.7328896
R1108_65,C,65,0.5489167,0.76593584,0.7340963
R1108_66,U,66,0.5510288,0.7696999,0.73858243
R1108_67,G,67,0.5563884,0.7792519,0.74996656
R1108_68,C,68,0.56455874,0.793813,0.76732093
R1108_69,U,69,0.5137332,0.7032322,0.6593649
R1116_1,C,1,0.51373637,0.7032379,0.6593716
R1116_2,G,2,0.56455946,0.79381436,0.7673225
R1116_3,C,3,0.5563817,0.77923995,0.7499525
R1116_4,C,4,0.5510119,0.76966983,0.73854655
R1116_5,C,5,0.54888964,0.76588756,0.7340388
R1116_6,G,6,0.5483149,0.76486355,0.7328183
R1116_7,G,7,0.5482217,0.7646973,0.7326201
R1116_8,A,8,0.54822266,0.76469904,0.7326222
R1116_9,U,9,0.5482286,0.76470953,0.73263484
R1116_10,A,10,0.54823256,0.76471674,0.73264337
R1116_11,G,11,0.5482333,0.76471776,0.7326446
R1116_12,C,12,0.5482301,0.7647122,0.732638
R1116_13,U,13,0.54822373,0.7647009,0.7326245
R1116_14,C,14,0.548215,0.7646852,0.7326059
R1116_15,A,15,0.5482048,0.7646671,0.7325842
R1116_16,G,16,0.54819465,0.76464915,0.7325628
R1116_17,U,17,0.5481864,0.76463455,0.73254544
R1116_18,C,18,0.54818213,0.7646267,0.732536
R1116_19,G,19,0.54818237,0.7646272,0.7325366
R1116_20,G,20,0.54818726,0.76463574,0.73254687
R1116_21,U,21,0.5481949,0.76464945,0.7325632
R1116_22,A,22,0.5482026,0.76466316,0.7325795
R1116_23,G,23,0.5482074,0.76467186,0.7325898
R1116_24,A,24,0.5482075,0.764672,0.73259
R1116_25,G,25,0.54820263,0.7646633,0.73257965
R1116_26,C,26,0.5481944,0.7646486,0.7325621
R1116_27,A,27,0.54818594,0.7646336,0.73254424
R1116_28,G,28,0.54818165,0.76462597,0.7325351
R1116_29,C,29,0.5481864,0.7646344,0.7325452
R1116_30,G,30,0.5482044,0.7646663,0.7325834
R1116_31,G,31,0.5482378,0.7647261,0.73265445
R1116_32,C,32,0.54828537,0.76481056,0.7327553
R1116_33,U,33,0.5483402,0.76490843,0.73287195
R1116_34,A,34,0.5483918,0.7650006,0.73298174
R1116_35,A,35,0.54842854,0.76506585,0.73305947
R1116_36,A,36,0.5484412,0.7650885,0.73308647
R1116_37,A,37,0.5484278,0.76506466,0.733058
R1116_38,C,38,0.548393,0.7650028,0.73298424
R1116_39,A,39,0.54834664,0.7649198,0.73288536
R1116_40,G,40,0.54829806,0.7648334,0.73278236
R1116_41,C,41,0.5482546,0.7647559,0.73269004
R1116_42,U,42,0.5482194,0.7646932,0.7326153
R1116_43,C,43,0.54819274,0.76464564,0.73255867
R1116_44,U,44,0.5481734,0.7646112,0.73251754
R1116_45,G,45,0.54816055,0.7645884,0.7324905
R1116_46,G,46,0.548154,0.7645765,0.73247623
R1116_47,G,47,0.54815316,0.7645753,0.73247474
R1116_48,G,48,0.5481584,0.76458436,0.7324857
R1116_49,U,49,0.5481689,0.7646032,0.7325081
R1116_50,U,50,0.5481839,0.7646299,0.73253983
R1116_51,G,51,0.5482024,0.7646628,0.7325791
R1116_52,U,52,0.54822326,0.7647,0.73262346
R1116_53,A,53,0.54824555,0.7647398,0.73267084
R1116_54,C,54,0.54826796,0.76477975,0.7327184
R1116_55,C,55,0.5482887,0.7648168,0.7327626
R1116_56,C,56,0.5483056,0.7648467,0.7327982
R1116_57,A,57,0.54831594,0.7648651,0.7328202
R1116_58,C,58,0.5483178,0.7648686,0.7328244
R1116_59,C,59,0.54831076,0.7648559,0.7328093
R1116_60,C,60,0.5482956,0.7648289,0.73277706
R1116_61,C,61,0.5482751,0.7647924,0.73273355
R1116_62,A,62,0.54825294,0.76475304,0.73268664
R1116_63,G,63,0.54823315,0.76471776,0.73264456
R1116_64,A,64,0.54821867,0.7646919,0.73261374
R1116_65,G,65,0.5482111,0.7646783,0.7325976
R1116_66,G,66,0.5482093,0.76467526,0.7325939
R1116_67,C,67,0.5482112,0.76467854,0.73259777
R1116_68,C,68,0.54821265,0.7646811,0.7326009
R1116_69,C,69,0.54821074,0.7646777,0.7325969
R1116_70,A,70,0.54820365,0.76466507,0.7325818
R1116_71,C,71,0.548192,0.7646443,0.7325571
R1116_72,G,72,0.5481781,0.7646196,0.73252755
R1116_73,U,73,0.54816484,0.7645957,0.7324992
R1116_74,G,74,0.54815453,0.76457757,0.7324775
R1116_75,G,75,0.5481491,0.7645679,0.7324661
R1116_76,C,76,0.54814935,0.7645682,0.7324664
R1116_77,G,77,0.5481552,0.7645785,0.73247874
R1116_78,G,78,0.54816604,0.76459795,0.7325019
R1116_79,C,79,0.5481808,0.7646244,0.7325334
R1116_80,U,80,0.54819775,0.7646545,0.7325692
R1116_81,A,81,0.54821426,0.76468396,0.7326042
R1116_82,G,82,0.54822767,0.76470786,0.7326327
R1116_83,U,83,0.5482359,0.7647225,0.7326502
R1116_84,A,84,0.5482381,0.76472634,0.73265487
R1116_85,C,85,0.5482346,0.76472026,0.73264754
R1116_86,U,86,0.5482272,0.76470697,0.73263174
R1116_87,C,87,0.5482178,0.76469034,0.7326119
R1116_88,C,88,0.54820883,0.76467437,0.7325929
R1116_89,G,89,0.5482018,0.7646619,0.732578
R1116_90,G,90,0.5481973,0.76465374,0.73256826
R1116_91,U,91,0.5481943,0.7646484,0.7325618
R1116_92,A,92,0.5481912,0.7646429,0.7325553
R1116_93,U,93,0.5481868,0.76463515,0.73254615
R1116_94,U,94,0.5481814,0.7646254,0.7325346
R1116_95,G,95,0.54817617,0.7646162,0.7325235
R1116_96,C,96,0.54817367,0.76461166,0.73251814
R1116_97,G,97,0.5481757,0.76461536,0.7325225
R1116_98,G,98,0.5481826,0.7646275,0.73253715
R1116_99,U,99,0.5481929,0.764646,0.732559
R1116_100,A,100,0.54820406,0.7646658,0.7325826
R1116_101,C,101,0.54821336,0.76468235,0.73260236
R1116_102,C,102,0.54821885,0.76469225,0.7326141
R1116_103,C,103,0.5482204,0.764695,0.73261744
R1116_104,U,104,0.54821885,0.76469225,0.73261416
R1116_105,U,105,0.54821587,0.76468676,0.73260754
R1116_106,G,106,0.5482123,0.7646803,0.73260003
R1116_107,U,107,0.5482089,0.76467454,0.73259306
R1116_108,A,108,0.548206,0.7646691,0.73258656
R1116_109,C,109,0.54820335,0.7646645,0.73258114
R1116_110,G,110,0.54820144,0.764661,0.73257697
R1116_111,C,111,0.5482006,0.7646597,0.73257536
R1116_112,C,112,0.5482019,0.76466185,0.732578
R1116_113,U,113,0.54820573,0.76466894,0.73258644
R1116_114,G,114,0.5482117,0.7646796,0.7325991
R1116_115,U,115,0.54821837,0.7646914,0.73261315
R1116_116,U,116,0.54822326,0.7646999,0.7326232
R1116_117,U,117,0.5482241,0.7647014,0.7326251
R1116_118,U,118,0.54822004,0.76469433,0.73261666
R1116_119,A,119,0.54821146,0.7646792,0.7325986
R1116_120,G,120,0.54820037,0.7646592,0.73257476
R1116_121,C,121,0.5481882,0.7646376,0.732549
R1116_122,C,122,0.548177,0.76461756,0.73252517
R1116_123,G,123,0.5481678,0.7646012,0.7325056
R1116_124,C,124,0.5481613,0.76458967,0.7324919
R1116_125,G,125,0.54815793,0.7645837,0.73248476
R1116_126,G,126,0.54815775,0.7645833,0.73248434
R1116_127,G,127,0.54815996,0.7645871,0.73248893
R1116_128,U,128,0.54816306,0.76459277,0.7324956
R1116_129,C,129,0.5481658,0.7645977,0.7325015
R1116_130,C,130,0.54816747,0.7646006,0.73250496
R1116_131,A,131,0.5481683,0.7646021,0.7325068
R1116_132,G,132,0.5481703,0.76460576,0.7325111
R1116_133,G,133,0.5481757,0.76461536,0.7325224
R1116_134,G,134,0.548186,0.7646336,0.7325443
R1116_135,U,135,0.54820096,0.7646603,0.73257613
R1116_136,U,136,0.5482185,0.76469153,0.7326134
R1116_137,C,137,0.5482352,0.7647212,0.7326488
R1116_138,A,138,0.54824746,0.7647432,0.7326749
R1116_139,A,139,0.54825354,0.764754,0.7326878
R1116_140,G,140,0.54825306,0.7647531,0.7326867
R1116_141,U,141,0.5482472,0.7647428,0.7326745
R1116_142,C,142,0.54823804,0.76472634,0.73265475
R1116_143,C,143,0.5482267,0.764706,0.73263067
R1116_144,C,144,0.5482143,0.764684,0.73260444
R1116_145,U,145,0.54820156,0.76466125,0.7325773
R1116_146,G,146,0.5481889,0.76463884,0.73255056
R1116_147,U,147,0.54817724,0.7646181,0.7325259
R1116_148,U,148,0.5481676,0.7646007,0.73250514
R1116_149,C,149,0.54816073,0.7645887,0.7324908
R1116_150,G,150,0.5481586,0.76458466,0.73248595
R1116_151,G,151,0.5481665,0.7645989,0.732503
R1116_152,G,152,0.5482724,0.7647877,0.7327279
R1116_153,C,153,0.54886156,0.7658376,0.73397917
R1116_154,G,154,0.55099857,0.7696462,0.7385184
R1116_155,C,155,0.55638164,0.77923983,0.74995226
R1116_156,C,156,0.56456876,0.79383105,0.7673424
R1116_157,A,157,0.5137475,0.7032576,0.65939516
R1117v2_1,U,1,0.5136999,0.7031728,0.65929395
R1117v2_2,U,2,0.56451523,0.7937356,0.76722866
R1117v2_3,G,3,0.5563394,0.77916455,0.7498627
R1117v2_4,G,4,0.55097365,0.76960176,0.73846537
R1117v2_5,G,5,0.54885805,0.7658314,0.7339719
R1117v2_6,U,6,0.54829264,0.7648236,0.73277086
R1117v2_7,U,7,0.5482098,0.7646761,0.7325949
R1117v2_8,C,8,0.54822206,0.76469797,0.73262095
R1117v2_9,C,9,0.54824007,0.76472986,0.7326591
R1117v2_10,C,10,0.54825723,0.7647608,0.7326959
R1117v2_11,U,11,0.54827297,0.76478857,0.732729
R1117v2_12,C,12,0.54828703,0.7648137,0.73275894
R1117v2_13,A,13,0.5482998,0.76483625,0.7327859
R1117v2_14,C,14,0.5483109,0.76485634,0.7328098
R1117v2_15,C,15,0.5483209,0.76487404,0.7328308
R1117v2_16,C,16,0.5483299,0.76489,0.73285
R1117v2_17,C,17,0.5483397,0.7649077,0.732871
R1117v2_18,A,18,0.54835296,0.76493114,0.7328989
R1117v2_19,A,19,0.54837215,0.7649655,0.7329398
R1117v2_20,U,20,0.54840016,0.7650154,0.73299927
R1117v2_21,C,21,0.54843736,0.7650817,0.7330783
R1117v2_22,A,22,0.54848087,0.7651591,0.73317057
R1117v2_23,U,23,0.54852355,0.76523536,0.7332614
R1117v2_24,A,24,0.54856026,0.7653007,0.73333937
R1117v2_25,A,25,0.54866827,0.7654933,0.73356885
R1117v2_26,A,26,0.5492291,0.7664926,0.7347599
R1117v2_27,A,27,0.5513129,0.7702063,0.739186
R1117v2_28,A,28,0.556633,0.7796877,0.7504862
R1117v2_29,G,29,0.5647677,0.7941856,0.76776487
R1117v2_30,G,30,0.51389,0.7035117,0.65969795
R1126_1,G,1,0.5137507,0.70326334,0.6594019
R1126_2,G,2,0.5645796,0.7938501,0.7673652
R1126_3,A,3,0.556407,0.7792849,0.7500059
R1126_4,A,4,0.55104125,0.7697223,0.738609
R1126_5,U,5,0.5489191,0.76594025,0.7341016
R1126_6,C,6,0.5483391,0.76490647,0.73286957
R1126_7,U,7,0.5482353,0.7647215,0.732649
R1126_8,C,8,0.54822326,0.76470006,0.7326234
R1126_9,G,9,0.5482169,0.76468885,0.7326101
R1126_10,C,10,0.54821205,0.7646801,0.7325997
R1126_11,C,11,0.54820824,0.7646733,0.73259157
R1126_12,C,12,0.548205,0.76466775,0.73258495
R1126_13,G,13,0.5482023,0.76466274,0.73257905
R1126_14,A,14,0.5481998,0.7646583,0.7325737
R1126_15,U,15,0.5481976,0.76465434,0.73256904
R1126_16,G,16,0.5481959,0.76465124,0.7325654
R1126_17,U,17,0.54819465,0.76464915,0.7325628
R1126_18,U,18,0.54819417,0.7646483,0.7325618
R1126_19,C,19,0.54819417,0.76464814,0.73256165
R1126_20,G,20,0.5481936,0.7646472,0.7325605
R1126_21,C,21,0.5481918,0.76464385,0.7325565
R1126_22,A,22,0.548188,0.764637,0.73254836
R1126_23,U,23,0.5481827,0.7646275,0.73253703
R1126_24,C,24,0.5481773,0.7646182,0.7325259
R1126_25,G,25,0.5481742,0.7646126,0.7325192
R1126_26,G,26,0.5481746,0.7646132,0.7325199
R1126_27,G,27,0.54817843,0.76462036,0.73252845
R1126_28,A,28,0.5481845,0.76463085,0.732541
R1126_29,U,29,0.5481899,0.7646405,0.7325526
R1126_30,U,30,0.54819274,0.76464564,0.73255867
R1126_31,U,31,0.54819214,0.76464456,0.73255736
R1126_32,G,32,0.5481889,0.76463884,0.73255056
R1126_33,C,33,0.548185,0.7646317,0.732542
R1126_34,A,34,0.54818225,0.7646269,0.73253626
R1126_35,G,35,0.5481825,0.7646272,0.7325366
R1126_36,G,36,0.5481858,0.76463336,0.732544
R1126_37,U,37,0.5481918,0.7646438,0.7325565
R1126_38,C,38,0.5481988,0.7646565,0.7325715
R1126_39,C,39,0.54820603,0.76466936,0.73258686
R1126_40,A,40,0.54821324,0.76468205,0.73260206
R1126_41,U,41,0.548221,0.76469606,0.73261875
R1126_42,G,42,0.5482307,0.7647132,0.7326392
R1126_43,G,43,0.548243,0.7647353,0.7326654
R1126_44,A,44,0.54825735,0.76476085,0.73269594
R1126_45,U,45,0.5482719,0.76478666,0.73272675
R1126_46,U,46,0.5482842,0.7648086,0.73275286
R1126_47,A,47,0.54829204,0.76482266,0.7327696
R1126_48,C,48,0.5482945,0.764827,0.7327748
R1126_49,A,49,0.54829204,0.76482254,0.7327695
R1126_50,C,50,0.54828596,0.76481193,0.7327568
R1126_51,C,51,0.5482787,0.7647988,0.7327412
R1126_52,A,52,0.54827195,0.7647868,0.7327269
R1126_53,U,53,0.54826677,0.76477754,0.73271585
R1126_54,G,54,0.5482632,0.7647712,0.7327083
R1126_55,C,55,0.54826045,0.76476634,0.7327025
R1126_56,A,56,0.5482574,0.76476085,0.732696
R1126_57,A,57,0.5482533,0.76475364,0.73268735
R1126_58,C,58,0.5482485,0.7647452,0.73267716
R1126_59,G,59,0.5482438,0.76473653,0.73266697
R1126_60,C,60,0.54823947,0.76472896,0.7326579
R1126_61,A,61,0.5482362,0.76472306,0.73265094
R1126_62,G,62,0.5482334,0.7647181,0.73264503
R1126_63,A,63,0.5482309,0.7647135,0.7326396
R1126_64,C,64,0.5482285,0.7647094,0.7326345
R1126_65,C,65,0.54822695,0.7647067,0.73263144
R1126_66,U,66,0.5482271,0.7647069,0.7326316
R1126_67,G,67,0.5482292,0.76471055,0.73263603
R1126_68,U,68,0.5482323,0.7647162,0.73264265
R1126_69,A,69,0.54823506,0.7647211,0.73264855
R1126_70,G,70,0.548236,0.76472276,0.73265046
R1126_71,A,71,0.54823434,0.7647198,0.73264706
R1126_72,U,72,0.54823065,0.7647132,0.73263913
R1126_73,G,73,0.54822624,0.7647053,0.7326298
R1126_74,C,74,0.54822195,0.76469773,0.73262066
R1126_75,C,75,0.5482185,0.7646916,0.7326134
R1126_76,A,76,0.54821575,0.7646866,0.7326074
R1126_77,C,77,0.54821295,0.7646816,0.73260146
R1126_78,G,78,0.54820955,0.7646757,0.73259443
R1126_79,C,79,0.5482054,0.76466817,0.7325855
R1126_80,U,80,0.5482,0.7646586,0.73257405
R1126_81,A,81,0.54819334,0.7646467,0.73255986
R1126_82,G,82,0.54818547,0.76463264,0.73254323
R1126_83,C,83,0.5481769,0.76461756,0.7325251
R1126_84,C,84,0.54816854,0.7646026,0.73250735
R1126_85,G,85,0.54816115,0.76458937,0.73249155
R1126_86,U,86,0.5481555,0.7645793,0.7324795
R1126_87,G,87,0.5481516,0.76457244,0.73247135
R1126_88,G,88,0.54814935,0.7645683,0.7324665
R1126_89,U,89,0.5481478,0.7645656,0.7324633
R1126_90,G,90,0.54814625,0.76456267,0.7324598
R1126_91,A,91,0.5481441,0.764559,0.7324554
R1126_92,G,92,0.5481415,0.76455444,0.7324499
R1126_93,G,93,0.5481391,0.76455003,0.73244476
R1126_94,G,94,0.54813755,0.7645471,0.73244125
R1126_95,U,95,0.5481374,0.76454705,0.73244125
R1126_96,C,96,0.5481398,0.7645513,0.73244625
R1126_97,G,97,0.5481452,0.7645608,0.7324576
R1126_98,G,98,0.548154,0.76457673,0.7324764
R1126_99,G,99,0.54816633,0.76459867,0.73250264
R1126_100,U,100,0.5481814,0.76462543,0.7325345
R1126_101,C,101,0.5481975,0.7646542,0.73256886
R1126_102,C,102,0.5482129,0.7646814,0.73260134
R1126_103,A,103,0.5482253,0.76470363,0.7326277
R1126_104,G,104,0.54823387,0.76471883,0.7326459
R1126_105,A,105,0.5482386,0.7647274,0.73265606
R1126_106,U,106,0.5482408,0.7647311,0.7326605
R1126_107,G,107,0.5482415,0.7647325,0.73266226
R1126_108,U,108,0.54824185,0.7647332,0.732663
R1126_109,C,109,0.548242,0.7647334,0.7326632
R1126_110,A,110,0.5482415,0.7647324,0.7326621
R1126_111,U,111,0.54824007,0.7647298,0.7326589
R1126_112,U,112,0.54823816,0.76472646,0.732655
R1126_113,C,113,0.5482373,0.76472515,0.7326533
R1126_114,G,114,0.54823935,0.76472867,0.7326576
R1126_115,A,115,0.5482451,0.76473886,0.73266965
R1126_116,C,116,0.548254,0.76475483,0.7326887
R1126_117,U,117,0.5482639,0.76477253,0.7327098
R1126_118,U,118,0.5482718,0.7647865,0.73272645
R1126_119,U,119,0.54827404,0.7647906,0.73273146
R1126_120,A,120,0.5482694,0.7647824,0.7327216
R1126_121,A,121,0.54825866,0.7647632,0.7326987
R1126_122,C,122,0.5482446,0.764738,0.7326688
R1126_123,G,123,0.5482315,0.76471466,0.7326409
R1126_124,C,124,0.5482228,0.7646993,0.73262256
R1126_125,G,125,0.5482203,0.76469475,0.7326172
R1126_126,C,126,0.5482231,0.76469976,0.7326231
R1126_127,C,127,0.5482284,0.7647093,0.7326345
R1126_128,U,128,0.54823273,0.764717,0.73264366
R1126_129,A,129,0.54823315,0.76471776,0.73264456
R1126_130,A,130,0.5482287,0.7647098,0.7326351
R1126_131,G,131,0.5482209,0.7646957,0.7326184
R1126_132,C,132,0.5482124,0.7646807,0.7326004
R1126_133,G,133,0.5482063,0.7646699,0.7325875
R1126_134,U,134,0.5482038,0.76466554,0.7325824
R1126_135,U,135,0.54820406,0.76466584,0.7325828
R1126_136,G,136,0.5482042,0.764666,0.7325829
R1126_137,A,137,0.54820144,0.7646611,0.732577
R1126_138,A,138,0.5481946,0.7646489,0.7325624
R1126_139,G,139,0.5481849,0.76463157,0.73254186
R1126_140,G,140,0.54817486,0.7646139,0.73252076
R1126_141,C,141,0.54816854,0.7646024,0.73250717
R1126_142,G,142,0.548168,0.76460147,0.732506
R1126_143,U,143,0.5481742,0.7646127,0.73251927
R1126_144,G,144,0.54818606,0.7646337,0.7325445
R1126_145,U,145,0.54820096,0.7646604,0.73257625
R1126_146,U,146,0.5482162,0.76468736,0.7326084
R1126_147,A,147,0.54822934,0.76471096,0.73263645
R1126_148,G,148,0.54823995,0.76472974,0.7326589
R1126_149,A,149,0.5482485,0.76474506,0.73267716
R1126_150,G,150,0.5482565,0.76475924,0.7326941
R1126_151,C,151,0.5482646,0.76477396,0.7327115
R1126_152,A,152,0.54827285,0.7647883,0.7327287
R1126_153,G,153,0.5482787,0.7647988,0.73274124
R1126_154,A,154,0.5482801,0.7648013,0.7327443
R1126_155,U,155,0.5482755,0.764793,0.73273426
R1126_156,A,156,0.5482646,0.7647737,0.7327114
R1126_157,G,157,0.5482501,0.7647478,0.7326804
R1126_158,U,158,0.54823506,0.764721,0.7326485
R1126_159,U,159,0.5482229,0.7646995,0.7326228
R1126_160,C,160,0.5482158,0.7646869,0.73260766
R1126_161,G,161,0.5482136,0.76468295,0.732603
R1126_162,C,162,0.5482143,0.76468414,0.7326045
R1126_163,U,163,0.5482148,0.764685,0.73260546
R1126_164,A,164,0.54821205,0.7646801,0.73259956
R1126_165,U,165,0.5482048,0.764667,0.7325842
R1126_166,C,166,0.5481934,0.76464677,0.73256
R1126_167,U,167,0.5481802,0.7646234,0.73253214
R1126_168,G,168,0.5481682,0.76460177,0.73250633
R1126_169,G,169,0.54815924,0.76458615,0.7324878
R1126_170,G,170,0.54815507,0.76457834,0.7324785
R1126_171,G,171,0.54815483,0.764578,0.7324781
R1126_172,A,172,0.5481578,0.7645834,0.73248446
R1126_173,G,173,0.5481627,0.76459205,0.7324948
R1126_174,C,174,0.54816806,0.7646016,0.73250616
R1126_175,C,175,0.54817283,0.7646101,0.7325163
R1126_176,U,176,0.5481764,0.76461643,0.73252386
R1126_177,G,177,0.54817826,0.7646199,0.7325279
R1126_178,U,178,0.54817855,0.76462036,0.7325285
R1126_179,U,179,0.54817736,0.76461834,0.732526
R1126_180,C,180,0.54817533,0.76461464,0.7325216
R1126_181,G,181,0.54817295,0.7646106,0.7325168
R1126_182,C,182,0.5481713,0.76460737,0.732513
R1126_183,A,183,0.5481708,0.76460654,0.732512
R1126_184,G,184,0.5481721,0.76460886,0.7325148
R1126_185,G,185,0.548175,0.7646141,0.732521
R1126_186,C,186,0.5481789,0.7646209,0.73252904
R1126_187,U,187,0.54818213,0.7646269,0.73253626
R1126_188,C,188,0.5481844,0.76463073,0.7325408
R1126_189,A,189,0.5481847,0.76463133,0.73254156
R1126_190,G,190,0.5481838,0.76462966,0.7325396
R1126_191,G,191,0.5481826,0.76462764,0.73253715
R1126_192,A,192,0.54818213,0.7646267,0.732536
R1126_193,G,193,0.5481825,0.7646274,0.73253685
R1126_194,C,194,0.5481832,0.7646286,0.7325383
R1126_195,C,195,0.548183,0.76462823,0.7325379
R1126_196,U,196,0.54818106,0.76462495,0.73253393
R1126_197,U,197,0.54817784,0.76461905,0.7325271
R1126_198,C,198,0.5481746,0.7646132,0.7325199
R1126_199,G,199,0.5481732,0.7646107,0.73251694
R1126_200,G,200,0.5481752,0.7646145,0.73252153
R1126_201,G,201,0.54818153,0.7646256,0.73253477
R1126_202,C,202,0.54819053,0.76464176,0.73255396
R1126_203,U,203,0.54820013,0.764659,0.7325745
R1126_204,C,204,0.5482079,0.7646725,0.7325907
R1126_205,C,205,0.5482118,0.7646795,0.73259896
R1126_206,U,206,0.5482117,0.7646796,0.7325991
R1126_207,A,207,0.54820955,0.7646757,0.73259443
R1126_208,G,208,0.54820794,0.76467276,0.732591
R1126_209,C,209,0.54820967,0.7646758,0.7325946
R1126_210,G,210,0.5482167,0.7646882,0.73260945
R1126_211,C,211,0.548229,0.7647101,0.73263556
R1126_212,U,212,0.54824436,0.76473755,0.73266834
R1126_213,A,213,0.54825985,0.7647652,0.73270124
R1126_214,U,214,0.5482719,0.76478666,0.73272675
R1126_215,U,215,0.54827833,0.7647982,0.73274046
R1126_216,A,216,0.54827845,0.76479834,0.7327407
R1126_217,C,217,0.5482731,0.7647887,0.73272926
R1126_218,C,218,0.5482638,0.76477224,0.73270947
R1126_219,C,219,0.5482528,0.7647528,0.73268634
R1126_220,C,220,0.5482429,0.76473516,0.73266536
R1126_221,G,221,0.54823685,0.76472414,0.7326522
R1126_222,G,222,0.5482359,0.76472265,0.7326504
R1126_223,A,223,0.54824054,0.76473075,0.73266
R1126_224,C,224,0.5482485,0.7647451,0.73267716
R1126_225,A,225,0.5482565,0.7647594,0.7326942
R1126_226,C,226,0.5482608,0.764767,0.73270327
R1126_227,C,227,0.5482585,0.76476294,0.7326985
R1126_228,A,228,0.54824924,0.7647465,0.7326788
R1126_229,C,229,0.54823464,0.7647204,0.7326476
R1126_230,C,230,0.5482185,0.7646914,0.73261327
R1126_231,G,231,0.548205,0.7646677,0.73258495
R1126_232,G,232,0.5481988,0.7646565,0.73257154
R1126_233,G,233,0.5482025,0.764663,0.7325793
R1126_234,C,234,0.54821646,0.76468796,0.7326091
R1126_235,A,235,0.54823923,0.7647285,0.73265743
R1126_236,G,236,0.5482669,0.76477784,0.73271626
R1126_237,A,237,0.548295,0.76482797,0.7327759
R1126_238,C,238,0.54831934,0.7648712,0.7328275
R1126_239,A,239,0.5483366,0.7649023,0.73286444
R1126_240,A,240,0.5483451,0.76491725,0.73288226
R1126_241,G,241,0.5483438,0.76491475,0.73287946
R1126_242,U,242,0.5483326,0.7648948,0.7328556
R1126_243,A,243,0.5483125,0.764859,0.73281294
R1126_244,A,244,0.54828596,0.76481175,0.73275656
R1126_245,U,245,0.5482569,0.76475984,0.73269475
R1126_246,G,246,0.5482298,0.76471174,0.73263747
R1126_247,G,247,0.5482093,0.7646751,0.7325937
R1126_248,U,248,0.5481978,0.7646547,0.7325694
R1126_249,G,249,0.5481956,0.7646506,0.7325646
R1126_250,C,250,0.54820067,0.7646598,0.7325756
R1126_251,U,251,0.54821026,0.7646768,0.73259586
R1126_252,C,252,0.54822147,0.76469684,0.73261964
R1126_253,C,253,0.5482329,0.76471716,0.7326438
R1126_254,U,254,0.5482441,0.76473707,0.7326676
R1126_255,C,255,0.5482551,0.76475686,0.7326912
R1126_256,G,256,0.5482658,0.7647758,0.73271376
R1126_257,A,257,0.5482745,0.7647914,0.73273236
R1126_258,A,258,0.5482795,0.76480037,0.732743
R1126_259,U,259,0.5482793,0.7648001,0.7327426
R1126_260,G,260,0.5482737,0.76478994,0.7327307
R1126_261,A,261,0.5482638,0.76477224,0.73270947
R1126_262,C,262,0.5482515,0.7647502,0.7326833
R1126_263,U,263,0.54823875,0.76472753,0.73265624
R1126_264,U,264,0.548227,0.7647068,0.73263144
R1126_265,C,265,0.5482174,0.7646896,0.73261106
R1126_266,U,266,0.5482105,0.7646774,0.7325965
R1126_267,G,267,0.5482069,0.7646709,0.7325887
R1126_268,U,268,0.54820704,0.764671,0.7325889
R1126_269,U,269,0.54821074,0.76467776,0.7325969
R1126_270,G,270,0.5482174,0.7646896,0.73261106
R1126_271,A,271,0.5482255,0.76470405,0.7326283
R1126_272,G,272,0.5482327,0.7647169,0.7326436
R1126_273,U,273,0.5482367,0.764724,0.732652
R1126_274,A,274,0.5482353,0.7647215,0.732649
R1126_275,G,275,0.548228,0.76470846,0.73263353
R1126_276,A,276,0.5482155,0.76468605,0.7326068
R1126_277,G,277,0.54819965,0.7646579,0.73257333
R1126_278,U,278,0.54818356,0.7646292,0.73253906
R1126_279,G,279,0.5481697,0.7646046,0.73250973
R1126_280,U,280,0.54816043,0.7645883,0.7324903
R1126_281,G,281,0.5481571,0.764582,0.7324828
R1126_282,G,282,0.5481588,0.7645853,0.73248667
R1126_283,G,283,0.5481645,0.7645952,0.7324985
R1126_284,C,284,0.5481715,0.76460785,0.7325136
R1126_285,U,285,0.5481777,0.7646189,0.7325268
R1126_286,C,286,0.54818106,0.7646247,0.73253375
R1126_287,C,287,0.5481808,0.7646244,0.73253334
R1126_288,G,288,0.54817796,0.76461923,0.7325272
R1126_289,C,289,0.548174,0.7646123,0.73251885
R1126_290,G,290,0.5481709,0.7646068,0.7325123
R1126_291,G,291,0.5481696,0.7646045,0.7325097
R1126_292,C,292,0.5481701,0.76460534,0.73251057
R1126_293,U,293,0.5481715,0.76460785,0.7325135
R1126_294,A,294,0.5481727,0.76461,0.7325161
R1126_295,G,295,0.5481733,0.76461107,0.7325174
R1126_296,U,296,0.54817396,0.7646122,0.73251873
R1126_297,G,297,0.54817593,0.76461565,0.7325229
R1126_298,U,298,0.54818046,0.7646239,0.7325326
R1126_299,G,299,0.5481882,0.76463753,0.7325489
R1126_300,C,300,0.54819787,0.7646547,0.7325695
R1126_301,A,301,0.5482074,0.76467186,0.7325898
R1126_302,C,302,0.54821444,0.7646844,0.7326048
R1126_303,C,303,0.5482168,0.7646885,0.7326097
R1126_304,U,304,0.5482135,0.7646827,0.7326027
R1126_305,U,305,0.5482054,0.7646681,0.7325855
R1126_306,A,306,0.5481944,0.7646486,0.7325621
R1126_307,G,307,0.54818386,0.7646299,0.7325398
R1126_308,C,308,0.5481771,0.7646179,0.7325255
R1126_309,G,309,0.548177,0.7646175,0.73252505
R1126_310,G,310,0.54818404,0.7646302,0.7325402
R1126_311,U,311,0.54819703,0.76465315,0.7325675
R1126_312,G,312,0.5482122,0.7646802,0.73259974
R1126_313,A,313,0.5482254,0.7647039,0.73262805
R1126_314,A,314,0.5482334,0.7647182,0.7326451
R1126_315,U,315,0.54823524,0.7647214,0.7326489
R1126_316,G,316,0.54823244,0.7647162,0.7326427
R1126_317,U,317,0.54822785,0.7647082,0.7326333
R1126_318,C,318,0.5482247,0.7647026,0.7326265
R1126_319,U,319,0.5482247,0.7647026,0.7326265
R1126_320,G,320,0.5482274,0.76470745,0.7326322
R1126_321,A,321,0.54823107,0.764714,0.73264
R1126_322,C,322,0.54823387,0.764719,0.73264605
R1126_323,A,323,0.54823494,0.7647209,0.7326483
R1126_324,C,324,0.54823506,0.7647209,0.7326483
R1126_325,C,325,0.54823506,0.7647211,0.73264855
R1126_326,G,326,0.54823625,0.7647231,0.73265105
R1126_327,U,327,0.5482379,0.7647261,0.7326545
R1126_328,U,328,0.54823804,0.7647263,0.73265475
R1126_329,A,329,0.5482342,0.7647196,0.73264676
R1126_330,A,330,0.5482255,0.76470417,0.7326284
R1126_331,G,331,0.54821324,0.7646822,0.7326022
R1126_332,G,332,0.5482005,0.7646595,0.7325752
R1126_333,U,333,0.5481913,0.7646431,0.73255557
R1126_334,G,334,0.5481884,0.764638,0.7325495
R1126_335,G,335,0.54819286,0.76464593,0.732559
R1126_336,U,336,0.54820275,0.7646635,0.7325799
R1126_337,U,337,0.5482147,0.76468474,0.7326053
R1126_338,A,338,0.5482248,0.76470274,0.73262674
R1126_339,C,339,0.54823005,0.76471215,0.7326378
R1126_340,U,340,0.5482291,0.76471037,0.73263586
R1126_341,C,341,0.54822254,0.7646988,0.73262197
R1126_342,U,342,0.5482129,0.7646814,0.7326012
R1126_343,U,343,0.54820335,0.7646645,0.73258096
R1126_344,C,344,0.5481975,0.7646542,0.7325688
R1126_345,G,345,0.5481982,0.7646554,0.7325703
R1126_346,G,346,0.548206,0.7646693,0.73258686
R1126_347,A,347,0.5482193,0.76469314,0.7326152
R1126_348,G,348,0.54823434,0.7647199,0.7326471
R1126_349,U,349,0.5482463,0.764741,0.7326723
R1126_350,A,350,0.54825133,0.76475006,0.73268306
R1126_351,A,351,0.5482483,0.7647445,0.73267645
R1126_352,C,352,0.54823875,0.76472753,0.7326563
R1126_353,G,353,0.54822683,0.7647063,0.7326309
R1126_354,C,354,0.5482168,0.76468843,0.7326097
R1126_355,C,355,0.54821193,0.76467985,0.73259944
R1126_356,G,356,0.5482136,0.76468295,0.732603
R1126_357,A,357,0.54822576,0.7647044,0.7326287
R1126_358,G,358,0.5483334,0.7648962,0.73285735
R1126_359,A,359,0.5489203,0.7659421,0.7341038
R1126_360,U,360,0.551051,0.7697397,0.7386297
R1126_361,U,361,0.5564259,0.77931863,0.7500462
R1126_362,C,362,0.56460595,0.79389715,0.76742125
R1126_363,C,363,0.513775,0.70330673,0.6594535
R1128_1,G,1,0.51378095,0.70331734,0.6594662
R1128_2,G,2,0.5646198,0.79392177,0.7674505
R1128_3,A,3,0.5564532,0.7793674,0.7501043
R1128_4,A,4,0.55109394,0.7698161,0.7387209
R1128_5,U,5,0.5489752,0.7660402,0.7342207
R1128_6,A,6,0.5483936,0.76500356,0.7329852
R1128_7,U,7,0.548283,0.76480657,0.7327505
R1128_8,C,8,0.5482607,0.76476675,0.732703
R1128_9,G,9,0.548243,0.76473504,0.7326651
R1128_10,U,10,0.54822713,0.76470685,0.7326316
R1128_11,C,11,0.54821396,0.76468354,0.73260385
R1128_12,A,12,0.5482037,0.76466495,0.7325817
R1128_13,U,13,0.5481958,0.7646511,0.732565
R1128_14,G,14,0.54819095,0.7646425,0.73255485
R1128_15,G,15,0.5481895,0.7646399,0.7325519
R1128_16,U,16,0.5481914,0.76464325,0.73255575
R1128_17,G,17,0.54819584,0.7646511,0.73256516
R1128_18,A,18,0.5482013,0.7646609,0.7325769
R1128_19,U,19,0.54820657,0.7646703,0.732588
R1128_20,U,20,0.5482112,0.76467854,0.7325979
R1128_21,C,21,0.54821575,0.7646867,0.7326075
R1128_22,G,22,0.5482211,0.7646962,0.73261887
R1128_23,U,23,0.5482278,0.76470804,0.73263294
R1128_24,C,24,0.5482352,0.76472145,0.7326489
R1128_25,A,25,0.54824215,0.76473373,0.73266363
R1128_26,C,26,0.5482465,0.76474124,0.7326727
R1128_27,C,27,0.54824615,0.7647408,0.73267204
R1128_28,A,28,0.5482406,0.7647309,0.73266023
R1128_29,U,29,0.54823065,0.7647132,0.73263913
R1128_30,G,30,0.5482186,0.76469177,0.73261356
R1128_31,A,31,0.54820776,0.76467246,0.7325906
R1128_32,G,32,0.54820144,0.7646611,0.73257697
R1128_33,G,33,0.54820156,0.76466143,0.73257744
R1128_34,C,34,0.5482086,0.7646739,0.7325923
R1128_35,U,35,0.5482209,0.7646958,0.73261845
R1128_36,A,36,0.54823565,0.7647221,0.73264974
R1128_37,G,37,0.5482501,0.7647479,0.7326804
R1128_38,A,38,0.5482627,0.76477027,0.7327071
R1128_39,U,39,0.5482733,0.7647892,0.7327298
R1128_40,C,40,0.5482828,0.764806,0.73274976
R1128_41,U,41,0.5482917,0.76482195,0.7327688
R1128_42,C,42,0.5482999,0.7648367,0.7327863
R1128_43,A,43,0.54830575,0.7648472,0.7327988
R1128_44,U,44,0.5483072,0.7648495,0.7328016
R1128_45,A,45,0.5483018,0.76484007,0.7327904
R1128_46,U,46,0.5482895,0.76481813,0.73276424
R1128_47,C,47,0.5482713,0.7647857,0.73272556
R1128_48,U,48,0.5482501,0.76474786,0.7326804
R1128_49,A,49,0.54822904,0.7647103,0.7326357
R1128_50,G,50,0.548211,0.76467806,0.7325973
R1128_51,C,51,0.5481978,0.7646548,0.7325695
R1128_52,G,52,0.5481902,0.76464087,0.73255306
R1128_53,C,53,0.54818654,0.76463455,0.7325455
R1128_54,U,54,0.54818535,0.76463246,0.73254293
R1128_55,U,55,0.54818463,0.76463115,0.7325414
R1128_56,U,56,0.54818285,0.764628,0.73253757
R1128_57,C,57,0.5481797,0.7646223,0.73253083
R1128_58,G,58,0.548176,0.7646157,0.732523
R1128_59,A,59,0.54817337,0.76461107,0.7325174
R1128_60,G,60,0.54817355,0.7646114,0.7325179
R1128_61,C,61,0.5481775,0.7646186,0.73252624
R1128_62,G,62,0.54818505,0.76463205,0.73254234
R1128_63,C,63,0.548195,0.7646497,0.73256344
R1128_64,U,64,0.5482054,0.76466805,0.7325854
R1128_65,A,65,0.5482141,0.7646836,0.73260385
R1128_66,G,66,0.5482201,0.7646944,0.7326168
R1128_67,A,67,0.5482238,0.76470095,0.7326246
R1128_68,G,68,0.5482266,0.7647058,0.7326303
R1128_69,U,69,0.54822993,0.76471204,0.7326378
R1128_70,C,70,0.54823565,0.76472217,0.73264986
R1128_71,C,71,0.54824364,0.76473624,0.7326666
R1128_72,U,72,0.54825234,0.764752,0.7326854
R1128_73,U,73,0.54825974,0.7647651,0.73270094
R1128_74,A,74,0.5482631,0.7647711,0.7327081
R1128_75,U,75,0.5482607,0.76476675,0.73270303
R1128_76,C,76,0.54825217,0.7647515,0.7326848
R1128_77,U,77,0.5482384,0.764727,0.7326556
R1128_78,A,78,0.5482218,0.7646975,0.7326204
R1128_79,G,79,0.5482055,0.76466846,0.7325858
R1128_80,C,80,0.5481926,0.7646454,0.7325583
R1128_81,C,81,0.54818594,0.7646335,0.7325441
R1128_82,G,82,0.54818773,0.7646367,0.73254794
R1128_83,G,83,0.5481988,0.76465636,0.7325714
R1128_84,U,84,0.5482179,0.76469046,0.732612
R1128_85,U,85,0.5482418,0.764733,0.73266286
R1128_86,U,86,0.5482656,0.7647754,0.7327133
R1128_87,A,87,0.54828405,0.76480836,0.7327526
R1128_88,U,88,0.5482935,0.7648253,0.73277277
R1128_89,A,89,0.5482925,0.7648235,0.7327706
R1128_90,C,90,0.54828215,0.764805,0.73274857
R1128_91,U,91,0.5482655,0.76477534,0.7327132
R1128_92,U,92,0.548246,0.7647405,0.73267174
R1128_93,U,93,0.54822683,0.7647065,0.73263115
R1128_94,C,94,0.5482104,0.7646771,0.7325961
R1128_95,G,95,0.54819787,0.76465476,0.7325695
R1128_96,A,96,0.54819024,0.7646411,0.73255324
R1128_97,G,97,0.5481878,0.7646369,0.7325481
R1128_98,U,98,0.54819095,0.76464254,0.73255485
R1128_99,G,99,0.5481992,0.7646572,0.7325724
R1128_100,U,100,0.54821134,0.76467884,0.73259825
R1128_101,G,101,0.5482251,0.7647033,0.7326273
R1128_102,A,102,0.548238,0.7647262,0.73265463
R1128_103,A,103,0.54824805,0.76474434,0.73267627
R1128_104,C,104,0.548255,0.7647566,0.732691
R1128_105,C,105,0.54825985,0.7647651,0.732701
R1128_106,C,106,0.54826343,0.76477176,0.73270893
R1128_107,G,107,0.5482671,0.7647781,0.7327165
R1128_108,A,108,0.54826975,0.76478297,0.7327222
R1128_109,U,109,0.5482695,0.7647826,0.73272187
R1128_110,A,110,0.5482644,0.7647734,0.7327109
R1128_111,U,111,0.54825354,0.764754,0.73268783
R1128_112,U,112,0.54823804,0.76472646,0.7326549
R1128_113,C,113,0.5482205,0.7646952,0.73261774
R1128_114,C,114,0.5482043,0.76466626,0.7325832
R1128_115,G,115,0.5481925,0.76464516,0.7325581
R1128_116,C,116,0.5481874,0.76463604,0.7325473
R1128_117,G,117,0.5481902,0.764641,0.73255306
R1128_118,G,118,0.5482007,0.7646598,0.7325755
R1128_119,A,119,0.5482172,0.76468927,0.7326106
R1128_120,U,120,0.5482367,0.7647242,0.73265225
R1128_121,C,121,0.5482555,0.7647575,0.732692
R1128_122,A,122,0.54827,0.76478344,0.73272294
R1128_123,C,123,0.54827774,0.7647973,0.73273927
R1128_124,U,124,0.5482779,0.76479745,0.7327396
R1128_125,A,125,0.5482707,0.76478463,0.73272425
R1128_126,U,126,0.5482576,0.7647614,0.7326966
R1128_127,G,127,0.54824114,0.76473194,0.73266155
R1128_128,A,128,0.54822356,0.7647006,0.7326241
R1128_129,G,129,0.54820704,0.764671,0.7325889
R1128_130,U,130,0.5481931,0.7646461,0.73255926
R1128_131,C,131,0.54818225,0.76462704,0.7325364
R1128_132,G,132,0.5481746,0.7646132,0.7325199
R1128_133,U,133,0.54816926,0.76460373,0.7325086
R1128_134,U,134,0.5481658,0.76459765,0.73250145
R1128_135,C,135,0.5481641,0.76459473,0.7324979
R1128_136,G,136,0.5481646,0.76459545,0.7324988
R1128_137,C,137,0.54816806,0.76460165,0.7325061
R1128_138,G,138,0.54817545,0.7646148,0.7325219
R1128_139,G,139,0.54818726,0.7646358,0.73254687
R1128_140,C,140,0.54820263,0.7646633,0.7325796
R1128_141,U,141,0.5482198,0.7646939,0.7326161
R1128_142,C,142,0.54823554,0.76472193,0.7326496
R1128_143,A,143,0.5482464,0.7647411,0.7326725
R1128_144,U,144,0.54824984,0.76474744,0.7326799
R1128_145,A,145,0.5482458,0.76474,0.7326711
R1128_146,G,146,0.5482358,0.7647223,0.73265
R1128_147,U,147,0.54822326,0.76470006,0.7326234
R1128_148,C,148,0.5482123,0.7646803,0.73260003
R1128_149,C,149,0.5482062,0.7646696,0.7325873
R1128_150,G,150,0.5482075,0.764672,0.7325901
R1128_151,G,151,0.54821724,0.7646894,0.73261076
R1128_152,C,152,0.5482348,0.7647205,0.73264796
R1128_153,U,153,0.54825735,0.7647608,0.7326958
R1128_154,C,154,0.54828054,0.76480216,0.7327452
R1128_155,A,155,0.5482997,0.76483613,0.73278576
R1128_156,A,156,0.548311,0.76485646,0.73280984
R1128_157,A,157,0.54831386,0.7648614,0.7328158
R1128_158,G,158,0.54831004,0.7648547,0.7328077
R1128_159,G,159,0.548303,0.76484233,0.73279303
R1128_160,A,160,0.54829586,0.76482946,0.73277766
R1128_161,C,161,0.5482892,0.76481754,0.7327635
R1128_162,A,162,0.54828167,0.7648041,0.7327475
R1128_163,U,163,0.5482713,0.7647857,0.73272556
R1128_164,C,164,0.5482571,0.7647602,0.73269516
R1128_165,A,165,0.5482396,0.764729,0.732658
R1128_166,U,166,0.54822123,0.7646963,0.73261905
R1128_167,G,167,0.5482048,0.764667,0.7325841
R1128_168,G,168,0.5481922,0.7646447,0.7325575
R1128_169,C,169,0.5481843,0.7646305,0.73254055
R1128_170,C,170,0.5481802,0.7646231,0.73253185
R1128_171,U,171,0.54817843,0.76462024,0.73252827
R1128_172,G,172,0.54817796,0.76461935,0.73252726
R1128_173,U,173,0.5481775,0.7646186,0.73252636
R1128_174,U,174,0.5481765,0.76461685,0.73252434
R1128_175,C,175,0.54817486,0.7646138,0.73252064
R1128_176,G,176,0.5481726,0.76460975,0.7325159
R1128_177,C,177,0.5481702,0.7646055,0.73251075
R1128_178,A,178,0.5481683,0.7646021,0.7325068
R1128_179,G,179,0.5481678,0.7646012,0.7325056
R1128_180,G,180,0.54816926,0.7646039,0.73250884
R1128_181,U,181,0.5481738,0.7646119,0.7325185
R1128_182,U,182,0.5481819,0.7646264,0.73253566
R1128_183,G,183,0.54819417,0.76464814,0.73256165
R1128_184,U,184,0.5482099,0.7646763,0.73259515
R1128_185,G,185,0.54822785,0.7647083,0.7326333
R1128_186,A,186,0.5482453,0.7647393,0.7326702
R1128_187,U,187,0.54825914,0.764764,0.73269963
R1128_188,U,188,0.54826677,0.7647777,0.732716
R1128_189,A,189,0.54826695,0.76477784,0.7327162
R1128_190,U,190,0.5482597,0.7647649,0.73270077
R1128_191,G,191,0.54824704,0.7647424,0.7326739
R1128_192,A,192,0.54823136,0.76471454,0.7326407
R1128_193,G,193,0.54821527,0.76468575,0.7326065
R1128_194,U,194,0.54820013,0.764659,0.73257446
R1128_195,G,195,0.54818726,0.76463586,0.732547
R1128_196,A,196,0.54817665,0.76461715,0.7325246
R1128_197,G,197,0.548169,0.7646034,0.73250836
R1128_198,C,198,0.5481646,0.76459557,0.7324989
R1128_199,C,199,0.548164,0.7645944,0.7324976
R1128_200,G,200,0.5481677,0.76460093,0.7325054
R1128_201,G,201,0.5481757,0.76461536,0.7325224
R1128_202,G,202,0.548187,0.7646355,0.73254657
R1128_203,U,203,0.5481999,0.7646585,0.7325739
R1128_204,A,204,0.5482123,0.7646803,0.73260003
R1128_205,A,205,0.54822254,0.7646988,0.73262197
R1128_206,G,206,0.5482307,0.7647132,0.73263913
R1128_207,G,207,0.54823685,0.7647242,0.73265237
R1128_208,C,208,0.5482415,0.7647325,0.73266214
R1128_209,A,209,0.5482439,0.7647367,0.73266715
R1128_210,U,210,0.5482428,0.7647349,0.732665
R1128_211,A,211,0.5482373,0.7647249,0.73265314
R1128_212,C,212,0.5482273,0.7647073,0.7326321
R1128_213,C,213,0.5482145,0.7646844,0.7326048
R1128_214,G,214,0.5482006,0.76465976,0.7325755
R1128_215,U,215,0.54818773,0.7646367,0.73254794
R1128_216,U,216,0.5481771,0.76461786,0.7325254
R1128_217,C,217,0.54816926,0.7646038,0.7325087
R1128_218,G,218,0.54816484,0.76459575,0.7324991
R1128_219,C,219,0.5481638,0.7645939,0.73249704
R1128_220,G,220,0.5481665,0.7645988,0.73250276
R1128_221,G,221,0.5481726,0.76460975,0.73251593
R1128_222,U,222,0.5481814,0.7646255,0.7325346
R1128_223,A,223,0.54819155,0.76464355,0.73255616
R1128_224,U,224,0.5482019,0.76466197,0.732578
R1128_225,G,225,0.54821146,0.76467913,0.7325985
R1128_226,U,226,0.5482204,0.7646949,0.73261744
R1128_227,C,227,0.54822826,0.76470906,0.7326341
R1128_228,U,228,0.54823494,0.764721,0.7326483
R1128_229,U,229,0.5482398,0.76472956,0.7326587
R1128_230,A,230,0.5482421,0.7647338,0.73266363
R1128_231,C,231,0.548242,0.7647334,0.7326632
R1128_232,G,232,0.54824424,0.7647375,0.73266816
R1128_233,A,233,0.5483372,0.76490325,0.73286563
R1128_234,U,234,0.54890805,0.76592046,0.734078
R1128_235,C,235,0.5510243,0.7696921,0.738573
R1128_236,C,236,0.5563878,0.7792508,0.74996537
R1128_237,G,237,0.5645606,0.7938162,0.76732475
R1128_238,C,238,0.51373553,0.7032363,0.65936965
R1136_1,G,1,0.51373696,0.703239,0.65937287
R1136_2,G,2,0.5645635,0.7938215,0.76733106
R1136_3,A,3,0.55639225,0.77925867,0.7499748
R1136_4,U,4,0.5510291,0.76970047,0.738583
R1136_5,A,5,0.5489105,0.76592475,0.73408306
R1136_6,C,6,0.54833484,0.7648987,0.73286027
R1136_7,G,7,0.54823565,0.7647222,0.7326499
R1136_8,U,8,0.54822826,0.764709,0.7326341
R1136_9,C,9,0.5482261,0.76470494,0.7326294
R1136_10,U,10,0.54822433,0.7647018,0.73262554
R1136_11,A,11,0.54822254,0.764699,0.7326221
R1136_12,C,12,0.5482209,0.7646957,0.7326184
R1136_13,G,13,0.5482188,0.7646921,0.732614
R1136_14,C,14,0.54821646,0.76468784,0.732609
R1136_15,U,15,0.5482136,0.7646828,0.732603
R1136_16,C,16,0.5482099,0.7646762,0.7325951
R1136_17,A,17,0.5482054,0.76466805,0.7325854
R1136_18,G,18,0.5481998,0.7646583,0.7325736
R1136_19,U,19,0.5481938,0.7646476,0.73256093
R1136_20,G,20,0.54818845,0.7646378,0.7325493
R1136_21,A,21,0.54818445,0.76463085,0.73254097
R1136_22,C,22,0.5481831,0.76462835,0.73253804
R1136_23,G,23,0.5481849,0.7646317,0.732542
R1136_24,G,24,0.5481901,0.76464075,0.7325529
R1136_25,A,25,0.5481974,0.7646538,0.73256844
R1136_26,C,26,0.5482054,0.76466805,0.7325854
R1136_27,U,27,0.5482118,0.7646798,0.73259926
R1136_28,C,28,0.54821527,0.7646859,0.73260665
R1136_29,U,29,0.54821455,0.7646846,0.73260504
R1136_30,C,30,0.5482099,0.7646762,0.732595
R1136_31,U,31,0.5482023,0.76466274,0.73257905
R1136_32,U,32,0.54819393,0.7646478,0.7325612
R1136_33,C,33,0.5481868,0.76463515,0.73254603
R1136_34,G,34,0.5481827,0.76462775,0.7325374
R1136_35,G,35,0.54818225,0.7646269,0.73253626
R1136_36,A,36,0.5481849,0.7646317,0.7325419
R1136_37,G,37,0.5481894,0.7646397,0.7325515
R1136_38,A,38,0.54819465,0.7646491,0.7325627
R1136_39,G,39,0.54820037,0.7646592,0.73257476
R1136_40,U,40,0.5482067,0.76467043,0.73258823
R1136_41,C,41,0.5482145,0.76468426,0.7326047
R1136_42,U,42,0.5482238,0.764701,0.73262465
R1136_43,G,43,0.5482341,0.7647193,0.7326464
R1136_44,A,44,0.54824376,0.7647365,0.7326669
R1136_45,C,45,0.54825115,0.76474977,0.73268276
R1136_46,A,46,0.5482557,0.7647577,0.7326922
R1136_47,U,47,0.54825795,0.76476175,0.73269707
R1136_48,C,48,0.54825974,0.7647652,0.7327011
R1136_49,C,49,0.54826343,0.7647715,0.73270863
R1136_50,G,50,0.54827,0.7647833,0.73272276
R1136_51,A,51,0.5482798,0.7648007,0.73274356
R1136_52,A,52,0.54829144,0.7648215,0.73276824
R1136_53,C,53,0.54830277,0.7648417,0.7327923
R1136_54,C,54,0.5483111,0.76485676,0.7328102
R1136_55,A,55,0.5483142,0.76486224,0.73281676
R1136_56,U,56,0.5483104,0.76485527,0.7328084
R1136_57,A,57,0.54829895,0.7648348,0.7327841
R1136_58,C,58,0.54828084,0.76480263,0.7327458
R1136_59,A,59,0.5482588,0.7647633,0.7326989
R1136_60,C,60,0.548236,0.76472265,0.7326504
R1136_61,G,61,0.5482154,0.7646859,0.73260665
R1136_62,G,62,0.54819894,0.76465684,0.732572
R1136_63,A,63,0.5481877,0.7646366,0.7325479
R1136_64,U,64,0.5481812,0.7646249,0.73253393
R1136_65,G,65,0.5481789,0.7646211,0.73252934
R1136_66,U,66,0.5481802,0.7646234,0.7325321
R1136_67,G,67,0.5481841,0.76463026,0.7325403
R1136_68,C,68,0.5481892,0.7646393,0.7325511
R1136_69,C,69,0.5481944,0.7646486,0.7325621
R1136_70,U,70,0.5481992,0.7646571,0.73257226
R1136_71,C,71,0.5482037,0.7646653,0.732582
R1136_72,G,72,0.5482094,0.7646755,0.7325942
R1136_73,C,73,0.548218,0.7646906,0.7326123
R1136_74,C,74,0.5482298,0.7647117,0.7326373
R1136_75,G,75,0.54824376,0.76473653,0.7326669
R1136_76,A,76,0.54825723,0.76476055,0.7326955
R1136_77,A,77,0.54826665,0.7647775,0.7327157
R1136_78,C,78,0.54827,0.76478356,0.73272294
R1136_79,A,79,0.54826653,0.764777,0.7327153
R1136_80,G,80,0.54825723,0.7647606,0.73269564
R1136_81,U,81,0.54824424,0.7647374,0.7326681
R1136_82,C,82,0.54822946,0.7647111,0.7326366
R1136_83,U,83,0.54821396,0.7646834,0.73260367
R1136_84,A,84,0.5481987,0.7646562,0.73257124
R1136_85,C,85,0.5481845,0.7646309,0.73254097
R1136_86,G,86,0.5481727,0.76461,0.7325161
R1136_87,G,87,0.5481651,0.7645964,0.73249996
R1136_88,C,88,0.54816306,0.7645928,0.73249567
R1136_89,G,89,0.5481676,0.7646008,0.73250514
R1136_90,A,90,0.5481782,0.7646198,0.7325278
R1136_91,G,91,0.5481936,0.7646472,0.7325605
R1136_92,C,92,0.54821086,0.76467794,0.7325971
R1136_93,U,93,0.5482261,0.76470506,0.7326295
R1136_94,U,94,0.5482355,0.7647218,0.7326494
R1136_95,A,95,0.5482365,0.7647235,0.73265153
R1136_96,A,96,0.5482286,0.76470953,0.7326348
R1136_97,G,97,0.54821396,0.76468354,0.73260385
R1136_98,C,98,0.5481959,0.76465136,0.73256534
R1136_99,G,99,0.5481781,0.7646195,0.7325275
R1136_100,C,100,0.5481632,0.76459295,0.73249584
R1136_101,U,101,0.5481527,0.7645742,0.73247355
R1136_102,G,102,0.5481471,0.76456434,0.73246175
R1136_103,G,103,0.54814637,0.76456314,0.7324602
R1136_104,G,104,0.54815054,0.7645703,0.7324689
R1136_105,G,105,0.54815924,0.7645859,0.73248744
R1136_106,A,106,0.54817235,0.7646093,0.7325154
R1136_107,C,107,0.54818904,0.7646391,0.73255086
R1136_108,G,108,0.5482079,0.7646726,0.7325908
R1136_109,C,109,0.5482265,0.7647057,0.7326302
R1136_110,C,110,0.54824233,0.7647341,0.7326639
R1136_111,C,111,0.5482538,0.76475435,0.73268825
R1136_112,A,112,0.5482602,0.7647659,0.732702
R1136_113,A,113,0.5482629,0.76477057,0.73270756
R1136_114,C,114,0.5482639,0.7647726,0.73271
R1136_115,G,115,0.548267,0.76477796,0.7327164
R1136_116,C,116,0.54827464,0.76479155,0.7327326
R1136_117,A,117,0.5482887,0.7648167,0.7327625
R1136_118,U,118,0.5483093,0.76485354,0.73280627
R1136_119,C,119,0.54833484,0.7648989,0.7328605
R1136_120,A,120,0.5483613,0.7649462,0.7329169
R1136_121,C,121,0.54838383,0.7649862,0.7329646
R1136_122,A,122,0.5483968,0.76500946,0.7329923
R1136_123,A,123,0.54839647,0.7650086,0.7329913
R1136_124,A,124,0.54838157,0.76498216,0.7329597
R1136_125,G,125,0.54835474,0.7649345,0.7329028
R1136_126,A,126,0.54832137,0.76487494,0.7328319
R1136_127,C,127,0.5482875,0.76481456,0.73275995
R1136_128,U,128,0.5482583,0.7647626,0.732698
R1136_129,G,129,0.54823726,0.76472497,0.73265326
R1136_130,A,130,0.5482255,0.7647039,0.73262817
R1136_131,G,131,0.54822266,0.764699,0.73262215
R1136_132,U,132,0.5482278,0.7647081,0.73263294
R1136_133,G,133,0.548239,0.764728,0.7326568
R1136_134,A,134,0.548254,0.7647548,0.73268867
R1136_135,U,135,0.54827034,0.7647839,0.7327234
R1136_136,G,136,0.5482855,0.76481086,0.7327555
R1136_137,A,137,0.5482977,0.7648327,0.73278147
R1136_138,A,138,0.54830635,0.7648482,0.73279995
R1136_139,C,139,0.54831195,0.76485807,0.73281187
R1136_140,C,140,0.5483155,0.7648644,0.7328193
R1136_141,A,141,0.5483173,0.7648676,0.7328232
R1136_142,G,142,0.5483173,0.76486754,0.7328232
R1136_143,A,143,0.54831403,0.76486176,0.7328163
R1136_144,A,144,0.5483062,0.76484793,0.7327997
R1136_145,G,145,0.54829335,0.7648249,0.7327723
R1136_146,U,146,0.54827595,0.76479405,0.7327355
R1136_147,A,147,0.5482559,0.7647582,0.73269284
R1136_148,U,148,0.54823536,0.7647216,0.73264915
R1136_149,G,149,0.5482163,0.7646877,0.73260874
R1136_150,G,150,0.5482,0.7646586,0.7325741
R1136_151,A,151,0.54818666,0.7646349,0.7325458
R1136_152,C,152,0.54817605,0.76461595,0.73252326
R1136_153,U,153,0.54816777,0.76460105,0.7325055
R1136_154,G,154,0.54816115,0.76458937,0.7324916
R1136_155,G,155,0.54815614,0.7645804,0.73248094
R1136_156,U,156,0.54815245,0.7645738,0.7324731
R1136_157,U,157,0.54814994,0.76456934,0.7324677
R1136_158,G,158,0.5481483,0.76456636,0.73246413
R1136_159,C,159,0.5481473,0.7645647,0.73246217
R1136_160,G,160,0.5481467,0.76456374,0.73246104
R1136_161,U,161,0.5481467,0.7645636,0.7324609
R1136_162,U,162,0.5481472,0.76456445,0.7324618
R1136_163,G,163,0.5481485,0.76456684,0.73246473
R1136_164,G,164,0.54815125,0.7645717,0.73247045
R1136_165,U,165,0.54815555,0.76457936,0.7324796
R1136_166,G,166,0.54816103,0.76458913,0.7324913
R1136_167,G,167,0.54816675,0.7645993,0.7325035
R1136_168,A,168,0.54817116,0.7646073,0.7325129
R1136_169,G,169,0.54817283,0.76461023,0.73251647
R1136_170,A,170,0.54817116,0.76460725,0.73251283
R1136_171,C,171,0.5481665,0.7645988,0.7325029
R1136_172,G,172,0.5481601,0.7645874,0.7324893
R1136_173,G,173,0.5481537,0.7645761,0.7324757
R1136_174,U,174,0.548149,0.7645678,0.73246574
R1136_175,C,175,0.5481472,0.76456445,0.7324618
R1136_176,G,176,0.54814893,0.76456743,0.73246545
R1136_177,G,177,0.5481541,0.76457685,0.73247653
R1136_178,G,178,0.5481622,0.7645912,0.73249376
R1136_179,U,179,0.54817176,0.76460844,0.7325142
R1136_180,C,180,0.5481811,0.7646251,0.7325341
R1136_181,C,181,0.5481883,0.7646378,0.73254925
R1136_182,A,182,0.54819226,0.76464486,0.7325576
R1136_183,G,183,0.5481926,0.76464546,0.7325583
R1136_184,U,184,0.54818994,0.76464057,0.7325526
R1136_185,U,185,0.54818535,0.7646323,0.73254275
R1136_186,C,186,0.5481801,0.76462305,0.7325317
R1136_187,G,187,0.5481753,0.76461446,0.7325215
R1136_188,C,188,0.54817176,0.7646084,0.7325142
R1136_189,U,189,0.5481703,0.7646058,0.7325112
R1136_190,G,190,0.54817176,0.7646083,0.7325142
R1136_191,U,191,0.5481765,0.7646168,0.7325242
R1136_192,C,192,0.54818475,0.76463133,0.7325416
R1136_193,G,193,0.54819584,0.7646512,0.7325652
R1136_194,A,194,0.5482083,0.7646733,0.7325917
R1136_195,G,195,0.5482197,0.7646938,0.73261595
R1136_196,U,196,0.5482274,0.76470757,0.7326324
R1136_197,A,197,0.54822934,0.76471096,0.7326365
R1136_198,G,198,0.54822457,0.76470226,0.73262614
R1136_199,A,199,0.5482136,0.7646828,0.7326029
R1136_200,G,200,0.54819876,0.76465636,0.7325715
R1136_201,U,201,0.5481832,0.7646287,0.73253846
R1136_202,G,202,0.5481701,0.76460516,0.73251045
R1136_203,U,203,0.5481616,0.7645903,0.7324927
R1136_204,G,204,0.5481597,0.76458675,0.73248845
R1136_205,G,205,0.5481641,0.76459485,0.73249805
R1136_206,G,206,0.5481744,0.764613,0.7325197
R1136_207,C,207,0.5481882,0.76463735,0.73254883
R1136_208,U,208,0.5482025,0.76466304,0.73257935
R1136_209,C,209,0.54821485,0.7646851,0.73260564
R1136_210,C,210,0.548223,0.76469964,0.7326229
R1136_211,A,211,0.5482259,0.76470464,0.732629
R1136_212,U,212,0.54822373,0.76470083,0.73262435
R1136_213,C,213,0.54821765,0.76469004,0.7326115
R1136_214,G,214,0.54820967,0.76467574,0.73259443
R1136_215,A,215,0.54820144,0.7646612,0.73257715
R1136_216,C,216,0.5481945,0.7646489,0.7325624
R1136_217,G,217,0.5481902,0.764641,0.7325531
R1136_218,C,218,0.5481889,0.7646389,0.7325506
R1136_219,C,219,0.5481917,0.76464385,0.7325565
R1136_220,G,220,0.54819894,0.76465684,0.7325719
R1136_221,C,221,0.5482103,0.76467705,0.732596
R1136_222,U,222,0.5482242,0.76470166,0.7326254
R1136_223,U,223,0.54823756,0.7647254,0.73265374
R1136_224,U,224,0.5482471,0.76474243,0.73267406
R1136_225,A,225,0.5482508,0.7647492,0.73268205
R1136_226,A,226,0.5482496,0.7647471,0.7326795
R1136_227,G,227,0.5482465,0.76474136,0.7326727
R1136_228,G,228,0.54824513,0.76473916,0.73267
R1136_229,U,229,0.54824877,0.76474553,0.73267764
R1136_230,C,230,0.54825723,0.76476055,0.73269564
R1136_231,C,231,0.54826796,0.7647796,0.7327184
R1136_232,C,232,0.5482768,0.7647954,0.7327371
R1136_233,C,233,0.5482798,0.76480085,0.73274356
R1136_234,A,234,0.5482746,0.7647915,0.7327325
R1136_235,A,235,0.5482608,0.764767,0.7327032
R1136_236,U,236,0.5482402,0.7647303,0.73265946
R1136_237,C,237,0.5482161,0.7646873,0.73260826
R1136_238,G,238,0.5481922,0.7646447,0.7325575
R1136_239,U,239,0.5481716,0.76460797,0.7325137
R1136_240,G,240,0.54815614,0.7645804,0.73248094
R1136_241,G,241,0.54814625,0.7645628,0.73245996
R1136_242,C,242,0.54814124,0.7645539,0.73244935
R1136_243,G,243,0.5481398,0.76455134,0.7324463
R1136_244,U,244,0.548141,0.7645534,0.7324487
R1136_245,G,245,0.54814374,0.7645584,0.7324546
R1136_246,U,246,0.5481479,0.7645659,0.73246354
R1136_247,C,247,0.5481534,0.76457554,0.73247504
R1136_248,G,248,0.5481597,0.7645866,0.7324884
R1136_249,G,249,0.5481663,0.7645984,0.7325024
R1136_250,C,250,0.5481726,0.76460975,0.7325159
R1136_251,C,251,0.54817766,0.76461875,0.73252654
R1136_252,U,252,0.54818094,0.76462454,0.7325335
R1136_253,G,253,0.548182,0.7646263,0.73253566
R1136_254,C,254,0.5481807,0.7646241,0.73253304
R1136_255,U,255,0.54817736,0.7646183,0.732526
R1136_256,U,256,0.5481727,0.76461,0.7325161
R1136_257,C,257,0.5481676,0.76460075,0.73250514
R1136_258,G,258,0.5481628,0.76459247,0.73249525
R1136_259,G,259,0.5481599,0.764587,0.7324888
R1136_260,C,260,0.54815924,0.76458603,0.7324876
R1136_261,A,261,0.5481614,0.7645897,0.732492
R1136_262,G,262,0.54816544,0.76459706,0.7325008
R1136_263,G,263,0.54817045,0.76460594,0.73251134
R1136_264,C,264,0.5481745,0.7646132,0.7325199
R1136_265,A,265,0.5481763,0.7646164,0.73252374
R1136_266,C,266,0.5481752,0.7646145,0.7325216
R1136_267,U,267,0.5481719,0.7646087,0.73251456
R1136_268,G,268,0.5481676,0.7646008,0.73250526
R1136_269,G,269,0.54816365,0.7645937,0.73249674
R1136_270,C,270,0.5481608,0.7645887,0.7324908
R1136_271,G,271,0.54815936,0.7645862,0.7324878
R1136_272,C,272,0.54815924,0.7645858,0.7324873
R1136_273,C,273,0.5481602,0.7645877,0.7324895
R1136_274,G,274,0.5481628,0.76459223,0.732495
R1136_275,G,275,0.5481676,0.7646008,0.73250514
R1136_276,G,276,0.5481752,0.7646143,0.73252136
R1136_277,A,277,0.5481856,0.7646329,0.7325435
R1136_278,C,278,0.5481988,0.76465636,0.7325714
R1136_279,C,279,0.5482141,0.76468384,0.7326042
R1136_280,U,280,0.5482311,0.7647142,0.7326403
R1136_281,U,281,0.5482491,0.764746,0.7326783
R1136_282,G,282,0.54826635,0.76477677,0.73271495
R1136_283,A,283,0.5482812,0.76480323,0.7327465
R1136_284,A,284,0.54829204,0.76482254,0.7327695
R1136_285,G,285,0.54829764,0.7648326,0.73278147
R1136_286,A,286,0.54829836,0.76483387,0.7327829
R1136_287,G,287,0.5482953,0.7648284,0.73277646
R1136_288,A,288,0.54829025,0.7648193,0.7327656
R1136_289,U,289,0.54828465,0.7648093,0.7327538
R1136_290,G,290,0.54827935,0.7648,0.7327426
R1136_291,A,291,0.5482744,0.7647911,0.73273206
R1136_292,G,292,0.5482691,0.76478165,0.7327208
R1136_293,A,293,0.54826283,0.76477057,0.73270756
R1136_294,U,294,0.54825556,0.7647576,0.73269206
R1136_295,U,295,0.54824805,0.7647441,0.732676
R1136_296,U,296,0.54824144,0.7647324,0.7326621
R1136_297,C,297,0.5482372,0.7647249,0.7326532
R1136_298,G,298,0.5482365,0.7647236,0.73265153
R1136_299,A,299,0.5482391,0.76472825,0.732657
R1136_300,U,300,0.5482441,0.76473725,0.73266786
R1136_301,C,301,0.54825026,0.76474816,0.73268074
R1136_302,U,302,0.5482553,0.7647571,0.7326916
R1136_303,C,303,0.54825747,0.76476115,0.73269635
R1136_304,A,304,0.54825556,0.7647576,0.732692
R1136_305,U,305,0.5482485,0.76474506,0.73267716
R1136_306,C,306,0.5482366,0.76472384,0.7326518
R1136_307,U,307,0.5482209,0.7646957,0.7326183
R1136_308,U,308,0.5482031,0.76466405,0.73258054
R1136_309,U,309,0.54818594,0.76463354,0.73254424
R1136_310,G,310,0.54817176,0.7646082,0.7325141
R1136_311,G,311,0.5481622,0.7645914,0.7324938
R1136_312,G,312,0.54815817,0.7645841,0.7324853
R1136_313,U,313,0.548159,0.76458555,0.732487
R1136_314,G,314,0.54816306,0.76459295,0.7324958
R1136_315,U,315,0.5481683,0.7646021,0.7325067
R1136_316,C,316,0.54817224,0.7646093,0.7325153
R1136_317,U,317,0.54817355,0.7646115,0.73251796
R1136_318,C,318,0.54817176,0.7646085,0.7325143
R1136_319,U,319,0.54816794,0.7646013,0.732506
R1136_320,G,320,0.5481634,0.7645933,0.73249626
R1136_321,G,321,0.5481601,0.76458734,0.73248917
R1136_322,U,322,0.54815876,0.76458514,0.73248655
R1136_323,G,323,0.54815984,0.76458687,0.7324887
R1136_324,C,324,0.548162,0.7645908,0.7324932
R1136_325,U,325,0.54816407,0.7645946,0.7324978
R1136_326,U,326,0.5481653,0.7645968,0.7325005
R1136_327,G,327,0.54816556,0.7645973,0.732501
R1136_328,A,328,0.5481657,0.7645974,0.73250115
R1136_329,G,329,0.54816675,0.76459944,0.73250353
R1136_330,G,330,0.5481697,0.7646046,0.7325097
R1136_331,G,331,0.54817414,0.7646125,0.73251903
R1136_332,C,332,0.5481788,0.76462066,0.73252887
R1136_333,C,333,0.54818213,0.7646267,0.732536
R1136_334,C,334,0.5481832,0.7646287,0.7325384
R1136_335,U,335,0.54818237,0.7646271,0.7325365
R1136_336,G,336,0.54818046,0.76462364,0.73253244
R1136_337,U,337,0.5481788,0.7646207,0.732529
R1136_338,G,338,0.5481788,0.7646207,0.73252887
R1136_339,U,339,0.54818094,0.7646244,0.7325334
R1136_340,U,340,0.548185,0.7646319,0.7325423
R1136_341,C,341,0.5481906,0.76464176,0.73255396
R1136_342,G,342,0.5481961,0.76465154,0.7325657
R1136_343,C,343,0.5481998,0.7646582,0.73257357
R1136_344,A,344,0.54820037,0.7646593,0.73257494
R1136_345,C,345,0.5481971,0.7646533,0.73256785
R1136_346,A,346,0.54819083,0.7646422,0.73255455
R1136_347,G,347,0.54818356,0.7646293,0.73253924
R1136_348,G,348,0.54817784,0.76461905,0.732527
R1136_349,G,349,0.5481757,0.7646153,0.7325224
R1136_350,C,350,0.5481779,0.7646192,0.7325272
R1136_351,C,351,0.54818404,0.76463014,0.7325401
R1136_352,G,352,0.54819226,0.7646447,0.7325575
R1136_353,C,353,0.54820013,0.7646588,0.7325743
R1136_354,U,354,0.5482054,0.76466805,0.7325854
R1136_355,C,355,0.54820585,0.76466894,0.73258644
R1136_356,A,356,0.5482011,0.76466054,0.7325764
R1136_357,C,357,0.5481918,0.76464385,0.7325565
R1136_358,U,358,0.54817975,0.76462245,0.73253095
R1136_359,G,359,0.5481676,0.7646008,0.73250526
R1136_360,G,360,0.54815745,0.76458275,0.7324837
R1136_361,G,361,0.5481508,0.76457083,0.7324695
R1136_362,U,362,0.54814786,0.7645657,0.7324633
R1136_363,G,363,0.5481485,0.7645669,0.73246473
R1136_364,U,364,0.5481522,0.7645736,0.7324727
R1136_365,G,365,0.548159,0.7645854,0.7324868
R1136_366,G,366,0.5481683,0.7646022,0.73250693
R1136_367,A,367,0.5481808,0.7646243,0.7325332
R1136_368,C,368,0.5482006,0.76465976,0.7325755
R1136_369,G,369,0.54831445,0.76486284,0.73281735
R1136_370,U,370,0.5489077,0.76591986,0.7340773
R1136_371,A,371,0.5510452,0.7697292,0.73861736
R1136_372,U,372,0.5564263,0.77931947,0.7500472
R1136_373,C,373,0.56461126,0.7939067,0.76743263
R1136_374,C,374,0.5137811,0.7033176,0.65946645
R1138_1,G,1,0.51372415,0.70321614,0.6593457
R1138_2,G,2,0.56454706,0.7937924,0.7672964
R1138_3,G,3,0.55637586,0.77922946,0.74994
R1138_4,A,4,0.5510155,0.7696764,0.73855436
R1138_5,G,5,0.5489048,0.7659147,0.7340711
R1138_6,A,6,0.54834235,0.7649121,0.7328763
R1138_7,G,7,0.54826003,0.76476544,0.7327015
R1138_8,U,8,0.5482702,0.7647838,0.7327233
R1138_9,A,9,0.5482836,0.76480764,0.7327518
R1138_10,C,10,0.5482938,0.76482576,0.73277336
R1138_11,U,11,0.54829943,0.7648358,0.7327853
R1138_12,A,12,0.5483004,0.76483744,0.73278725
R1138_13,U,13,0.54829705,0.7648316,0.7327803
R1138_14,U,14,0.54829055,0.76482016,0.73276657
R1138_15,C,15,0.54828215,0.76480496,0.73274857
R1138_16,A,16,0.5482726,0.764788,0.73272824
R1138_17,G,17,0.5482628,0.76477045,0.7327073
R1138_18,A,18,0.5482533,0.76475376,0.73268735
R1138_19,U,19,0.54824513,0.7647391,0.73266995
R1138_20,G,20,0.54823864,0.7647274,0.7326561
R1138_21,C,21,0.54823375,0.7647187,0.7326457
R1138_22,A,22,0.5482304,0.76471275,0.73263854
R1138_23,G,23,0.54822814,0.7647087,0.7326339
R1138_24,A,24,0.54822695,0.7647067,0.7326314
R1138_25,C,25,0.5482272,0.764707,0.7326318
R1138_26,C,26,0.54822934,0.76471096,0.73263645
R1138_27,G,27,0.5482336,0.7647184,0.73264545
R1138_28,C,28,0.5482391,0.76472837,0.73265725
R1138_29,A,29,0.5482446,0.764738,0.7326688
R1138_30,A,30,0.5482483,0.76474464,0.73267657
R1138_31,G,31,0.5482492,0.7647461,0.7326785
R1138_32,U,32,0.5482467,0.76474184,0.7326732
R1138_33,U,33,0.5482409,0.76473147,0.73266095
R1138_34,C,34,0.5482321,0.76471585,0.7326423
R1138_35,A,35,0.5482205,0.7646952,0.7326177
R1138_36,G,36,0.5482069,0.76467085,0.7325886
R1138_37,A,37,0.54819226,0.76464486,0.7325576
R1138_38,G,38,0.5481789,0.76462084,0.732529
R1138_39,C,39,0.54816854,0.76460254,0.7325073
R1138_40,G,40,0.5481633,0.7645931,0.7324961
R1138_41,G,41,0.5481638,0.764594,0.7324971
R1138_42,U,42,0.5481696,0.7646043,0.73250943
R1138_43,U,43,0.5481795,0.76462203,0.7325305
R1138_44,U,44,0.54819167,0.7646437,0.7325564
R1138_45,G,45,0.54820424,0.76466614,0.7325831
R1138_46,C,46,0.54821515,0.7646856,0.73260623
R1138_47,A,47,0.54822236,0.76469845,0.7326216
R1138_48,U,48,0.54822457,0.7647023,0.7326263
R1138_49,C,49,0.54822123,0.76469636,0.73261905
R1138_50,U,50,0.54821306,0.7646819,0.7326018
R1138_51,A,51,0.5482025,0.76466304,0.7325794
R1138_52,G,52,0.5481924,0.7646449,0.7325577
R1138_53,G,53,0.5481851,0.76463217,0.73254246
R1138_54,G,54,0.5481823,0.76462716,0.73253655
R1138_55,U,55,0.54818404,0.76463014,0.7325401
R1138_56,A,56,0.5481892,0.76463926,0.73255104
R1138_57,C,57,0.5481963,0.7646521,0.7325663
R1138_58,G,58,0.5482042,0.7646659,0.7325828
R1138_59,U,59,0.54821175,0.7646795,0.73259896
R1138_60,U,60,0.5482187,0.7646919,0.73261374
R1138_61,U,61,0.5482253,0.7647037,0.7326278
R1138_62,U,62,0.54823184,0.76471514,0.7326415
R1138_63,C,63,0.5482382,0.7647267,0.7326552
R1138_64,G,64,0.54824436,0.76473767,0.73266834
R1138_65,A,65,0.54824954,0.76474696,0.7326793
R1138_66,A,66,0.54825306,0.76475316,0.73268676
R1138_67,C,67,0.5482547,0.764756,0.7326902
R1138_68,G,68,0.5482547,0.76475614,0.7326903
R1138_69,U,69,0.54825383,0.7647544,0.73268837
R1138_70,A,70,0.5482527,0.76475245,0.73268586
R1138_71,U,71,0.5482515,0.7647502,0.73268324
R1138_72,C,72,0.5482501,0.7647478,0.7326804
R1138_73,C,73,0.5482484,0.76474494,0.732677
R1138_74,U,74,0.5482471,0.76474243,0.73267406
R1138_75,C,75,0.5482469,0.76474214,0.7326736
R1138_76,C,76,0.54824924,0.76474637,0.7326787
R1138_77,G,77,0.54825497,0.7647564,0.73269063
R1138_78,A,78,0.5482632,0.76477116,0.7327082
R1138_79,C,79,0.5482718,0.76478654,0.73272663
R1138_80,U,80,0.54827785,0.7647972,0.73273927
R1138_81,A,81,0.5482787,0.76479894,0.7327413
R1138_82,A,82,0.5482743,0.76479095,0.7327318
R1138_83,G,83,0.54826593,0.7647761,0.7327141
R1138_84,U,84,0.54825664,0.7647595,0.73269427
R1138_85,G,85,0.54824877,0.7647455,0.73267764
R1138_86,U,86,0.54824376,0.7647365,0.7326669
R1138_87,A,87,0.5482416,0.76473266,0.7326623
R1138_88,U,88,0.5482419,0.7647333,0.7326631
R1138_89,U,89,0.54824483,0.76473856,0.7326694
R1138_90,C,90,0.5482508,0.7647491,0.73268193
R1138_91,G,91,0.54826,0.76476526,0.73270124
R1138_92,U,92,0.5482713,0.7647856,0.7327254
R1138_93,A,93,0.5482826,0.76480585,0.7327496
R1138_94,U,94,0.5482908,0.76482034,0.73276687
R1138_95,A,95,0.548293,0.7648242,0.7327716
R1138_96,C,96,0.54828775,0.7648149,0.73276037
R1138_97,U,97,0.5482755,0.764793,0.73273426
R1138_98,U,98,0.5482582,0.76476234,0.7326977
R1138_99,A,99,0.5482391,0.76472825,0.73265713
R1138_100,G,100,0.5482211,0.76469624,0.7326189
R1138_101,U,101,0.5482063,0.76466995,0.73258764
R1138_102,G,102,0.5481957,0.76465094,0.732565
R1138_103,C,103,0.5481888,0.7646386,0.7325502
R1138_104,C,104,0.5481842,0.7646305,0.73254055
R1138_105,U,105,0.548181,0.76462466,0.73253363
R1138_106,U,106,0.54817855,0.76462036,0.7325285
R1138_107,G,107,0.5481769,0.7646174,0.732525
R1138_108,U,108,0.5481765,0.7646168,0.7325242
R1138_109,G,109,0.5481776,0.76461864,0.7325265
R1138_110,C,110,0.54817975,0.7646224,0.73253095
R1138_111,C,111,0.548182,0.7646266,0.7325359
R1138_112,U,112,0.5481837,0.7646294,0.73253936
R1138_113,G,113,0.5481837,0.7646294,0.7325393
R1138_114,C,114,0.5481818,0.76462615,0.73253524
R1138_115,U,115,0.5481781,0.7646194,0.73252743
R1138_116,U,116,0.5481732,0.7646107,0.732517
R1138_117,C,117,0.5481678,0.76460105,0.73250556
R1138_118,G,118,0.54816306,0.76459277,0.7324956
R1138_119,G,119,0.5481603,0.7645878,0.73248976
R1138_120,C,120,0.54816043,0.7645882,0.73249006
R1138_121,A,121,0.54816425,0.764595,0.7324982
R1138_122,G,122,0.5481721,0.7646089,0.7325148
R1138_123,G,123,0.5481833,0.764629,0.73253876
R1138_124,C,124,0.54819727,0.76465374,0.7325683
R1138_125,A,125,0.548213,0.76468176,0.7326017
R1138_126,U,126,0.5482298,0.76471186,0.7326376
R1138_127,G,127,0.54824805,0.76474416,0.7326761
R1138_128,A,128,0.5482677,0.76477927,0.73271793
R1138_129,C,129,0.5482889,0.764817,0.7327628
R1138_130,C,130,0.54830956,0.764854,0.732807
R1138_131,C,131,0.54832673,0.7648844,0.7328432
R1138_132,A,132,0.54833555,0.76490015,0.73286194
R1138_133,A,133,0.5483326,0.7648948,0.7328557
R1138_134,A,134,0.5483171,0.76486725,0.7328228
R1138_135,U,135,0.5482919,0.7648222,0.73276913
R1138_136,G,136,0.5482626,0.7647701,0.73270696
R1138_137,U,137,0.5482354,0.76472163,0.7326492
R1138_138,G,138,0.54821444,0.7646843,0.7326047
R1138_139,C,139,0.54820085,0.76465994,0.7325757
R1138_140,C,140,0.5481924,0.76464504,0.73255795
R1138_141,U,141,0.54818654,0.7646345,0.7325453
R1138_142,U,142,0.5481806,0.76462406,0.7325329
R1138_143,U,143,0.54817414,0.7646125,0.73251903
R1138_144,C,144,0.54816806,0.7646015,0.7325061
R1138_145,G,145,0.54816437,0.7645952,0.73249847
R1138_146,G,146,0.5481657,0.76459736,0.7325011
R1138_147,G,147,0.54817283,0.7646102,0.73251635
R1138_148,G,148,0.54818594,0.7646336,0.7325443
R1138_149,C,149,0.5482031,0.7646641,0.73258066
R1138_150,A,150,0.5482209,0.7646957,0.7326184
R1138_151,C,151,0.5482352,0.76472145,0.73264897
R1138_152,A,152,0.54824317,0.7647355,0.7326657
R1138_153,U,153,0.54824305,0.7647353,0.7326655
R1138_154,U,154,0.54823565,0.76472217,0.73264986
R1138_155,U,155,0.548224,0.7647013,0.73262495
R1138_156,C,156,0.5482116,0.7646793,0.7325988
R1138_157,C,157,0.5482023,0.7646626,0.7325789
R1138_158,G,158,0.5481985,0.76465577,0.7325707
R1138_159,G,159,0.5482013,0.7646609,0.73257685
R1138_160,U,160,0.54821026,0.76467675,0.73259574
R1138_161,C,161,0.54822373,0.7647009,0.7326245
R1138_162,A,162,0.54823923,0.76472837,0.7326573
R1138_163,U,163,0.54825366,0.76475424,0.732688
R1138_164,C,164,0.5482644,0.7647733,0.7327108
R1138_165,C,165,0.5482693,0.764782,0.7327211
R1138_166,A,166,0.54826725,0.7647784,0.73271686
R1138_167,A,167,0.5482583,0.7647628,0.7326982
R1138_168,G,168,0.5482445,0.76473784,0.7326686
R1138_169,U,169,0.5482278,0.76470816,0.732633
R1138_170,U,170,0.54821074,0.7646776,0.7325967
R1138_171,C,171,0.548195,0.7646497,0.73256356
R1138_172,G,172,0.5481819,0.7646262,0.73253554
R1138_173,C,173,0.5481713,0.7646074,0.7325131
R1138_174,U,174,0.5481632,0.76459295,0.73249596
R1138_175,U,175,0.54815745,0.7645827,0.7324836
R1138_176,G,176,0.5481541,0.76457685,0.73247653
R1138_177,G,177,0.5481533,0.7645753,0.73247474
R1138_178,G,178,0.5481546,0.76457757,0.73247755
R1138_179,U,179,0.54815674,0.7645815,0.7324822
R1138_180,G,180,0.54815865,0.76458484,0.7324862
R1138_181,A,181,0.5481588,0.7645853,0.7324867
R1138_182,U,182,0.5481572,0.7645822,0.73248315
R1138_183,G,183,0.5481541,0.76457673,0.73247653
R1138_184,C,184,0.548151,0.7645713,0.73247
R1138_185,G,185,0.5481498,0.7645691,0.7324675
R1138_186,G,186,0.5481521,0.7645733,0.7324724
R1138_187,G,187,0.5481592,0.76458585,0.7324874
R1138_188,C,188,0.54817116,0.76460713,0.7325127
R1138_189,G,189,0.5481863,0.76463425,0.7325451
R1138_190,U,190,0.54820204,0.7646622,0.73257834
R1138_191,A,191,0.54821444,0.76468426,0.7326047
R1138_192,U,192,0.5482207,0.76469547,0.73261803
R1138_193,A,193,0.5482198,0.76469386,0.7326161
R1138_194,G,194,0.54821336,0.7646825,0.7326024
R1138_195,G,195,0.5482048,0.7646671,0.7325842
R1138_196,U,196,0.54819787,0.7646548,0.73256963
R1138_197,U,197,0.5481957,0.764651,0.732565
R1138_198,C,198,0.5481999,0.76465845,0.7325739
R1138_199,G,199,0.54821026,0.76467687,0.732596
R1138_200,U,200,0.54822505,0.7647033,0.73262733
R1138_201,C,201,0.54824126,0.76473206,0.7326617
R1138_202,U,202,0.5482551,0.7647567,0.732691
R1138_203,A,203,0.5482632,0.76477116,0.73270816
R1138_204,U,204,0.54826343,0.76477164,0.73270875
R1138_205,A,205,0.54825616,0.7647587,0.7326933
R1138_206,C,206,0.5482434,0.764736,0.7326662
R1138_207,G,207,0.54822814,0.76470876,0.7326339
R1138_208,U,208,0.5482132,0.76468205,0.732602
R1138_209,C,209,0.54820037,0.7646592,0.7325749
R1138_210,C,210,0.5481907,0.76464194,0.7325543
R1138_211,G,211,0.5481849,0.76463157,0.7325418
R1138_212,C,212,0.5481831,0.76462847,0.73253816
R1138_213,G,213,0.5481851,0.7646323,0.7325426
R1138_214,U,214,0.54819024,0.7646412,0.7325533
R1138_215,U,215,0.5481968,0.7646528,0.73256713
R1138_216,U,216,0.54820335,0.7646645,0.73258114
R1138_217,U,217,0.54820967,0.7646757,0.7325945
R1138_218,C,218,0.5482166,0.76468796,0.7326091
R1138_219,C,219,0.5482254,0.76470375,0.7326279
R1138_220,G,220,0.54823685,0.7647242,0.73265225
R1138_221,A,221,0.5482497,0.7647473,0.7326798
R1138_222,G,222,0.5482619,0.76476896,0.7327056
R1138_223,A,223,0.5482701,0.76478356,0.732723
R1138_224,A,224,0.54827285,0.7647884,0.7327288
R1138_225,G,225,0.5482707,0.76478463,0.7327242
R1138_226,A,226,0.5482663,0.76477677,0.73271483
R1138_227,G,227,0.5482626,0.7647701,0.73270696
R1138_228,G,228,0.548261,0.76476735,0.7327036
R1138_229,U,229,0.54826057,0.7647665,0.7327027
R1138_230,A,230,0.5482585,0.76476294,0.73269844
R1138_231,A,231,0.5482527,0.76475245,0.73268586
R1138_232,C,232,0.5482426,0.76473457,0.7326647
R1138_233,U,233,0.54823124,0.7647142,0.7326403
R1138_234,C,234,0.5482227,0.76469904,0.7326222
R1138_235,G,235,0.5482212,0.76469624,0.732619
R1138_236,G,236,0.5482279,0.76470834,0.7326333
R1138_237,G,237,0.5482404,0.76473063,0.7326599
R1138_238,A,238,0.5482534,0.7647538,0.73268753
R1138_239,A,239,0.54826105,0.7647675,0.73270386
R1138_240,A,240,0.5482602,0.7647658,0.7327018
R1138_241,C,241,0.5482508,0.76474917,0.73268205
R1138_242,C,242,0.54823685,0.7647243,0.73265237
R1138_243,G,243,0.548223,0.76469964,0.7326229
R1138_244,G,244,0.548213,0.76468164,0.7326016
R1138_245,U,245,0.54820776,0.76467246,0.7325905
R1138_246,C,246,0.54820657,0.76467025,0.73258793
R1138_247,C,247,0.5482078,0.76467246,0.7325906
R1138_248,A,248,0.54821074,0.7646777,0.7325968
R1138_249,C,249,0.54821634,0.7646877,0.73260885
R1138_250,G,250,0.54822695,0.7647067,0.7326314
R1138_251,U,251,0.5482444,0.76473767,0.7326683
R1138_252,G,252,0.5482682,0.76478,0.7327188
R1138_253,A,253,0.54829484,0.7648276,0.73277545
R1138_254,C,254,0.5483185,0.76486987,0.73282593
R1138_255,A,255,0.5483335,0.7648967,0.7328579
R1138_256,A,256,0.54833627,0.76490134,0.7328634
R1138_257,A,257,0.5483271,0.76488495,0.7328438
R1138_258,G,258,0.5483099,0.7648544,0.7328073
R1138_259,G,259,0.5482904,0.76481956,0.73276585
R1138_260,U,260,0.54827297,0.7647887,0.73272914
R1138_261,A,261,0.5482604,0.7647662,0.7327023
R1138_262,G,262,0.5482522,0.7647516,0.73268497
R1138_263,A,263,0.5482465,0.76474136,0.73267275
R1138_264,G,264,0.54824084,0.76473135,0.73266083
R1138_265,U,265,0.5482334,0.7647181,0.7326451
R1138_266,U,266,0.54822314,0.76469994,0.7326233
R1138_267,A,267,0.5482103,0.764677,0.732596
R1138_268,C,268,0.54819584,0.7646511,0.7325652
R1138_269,G,269,0.54818153,0.76462567,0.7325348
R1138_270,U,270,0.54816926,0.76460385,0.7325088
R1138_271,G,271,0.54816043,0.7645882,0.73249006
R1138_272,G,272,0.54815555,0.76457936,0.73247963
R1138_273,A,273,0.54815423,0.76457715,0.73247695
R1138_274,G,274,0.5481559,0.7645801,0.7324804
R1138_275,G,275,0.5481596,0.76458657,0.73248833
R1138_276,G,276,0.54816425,0.7645951,0.73249835
R1138_277,A,277,0.5481697,0.7646046,0.73250973
R1138_278,G,278,0.5481752,0.7646145,0.7325215
R1138_279,C,279,0.54818094,0.7646246,0.73253363
R1138_280,A,280,0.54818755,0.76463646,0.7325477
R1138_281,G,281,0.54819643,0.7646521,0.7325663
R1138_282,C,282,0.5482086,0.764674,0.73259246
R1138_283,U,283,0.54822487,0.76470286,0.73262686
R1138_284,G,284,0.54824346,0.76473606,0.7326664
R1138_285,C,285,0.5482613,0.7647678,0.7327042
R1138_286,A,286,0.54827464,0.76479167,0.73273265
R1138_287,A,287,0.5482812,0.76480323,0.7327465
R1138_288,A,288,0.54828143,0.7648039,0.73274726
R1138_289,G,289,0.5482793,0.7647999,0.73274237
R1138_290,G,290,0.54827917,0.7647995,0.73274195
R1138_291,G,291,0.54828364,0.76480776,0.7327518
R1138_292,A,292,0.5482925,0.76482344,0.73277056
R1138_293,U,293,0.5483011,0.76483905,0.7327891
R1138_294,A,294,0.5483047,0.7648452,0.7327965
R1138_295,A,295,0.54829943,0.7648357,0.73278517
R1138_296,U,296,0.5482849,0.76480967,0.7327542
R1138_297,G,297,0.5482639,0.7647724,0.73270977
R1138_298,C,298,0.5482409,0.76473147,0.73266095
R1138_299,A,299,0.5482192,0.76469284,0.73261493
R1138_300,G,300,0.54820096,0.7646603,0.7325761
R1138_301,U,301,0.5481863,0.7646341,0.7325449
R1138_302,U,302,0.5481746,0.76461345,0.7325201
R1138_303,G,303,0.54816556,0.76459724,0.7325009
R1138_304,C,304,0.54815847,0.7645846,0.7324859
R1138_305,U,305,0.5481535,0.7645758,0.7324754
R1138_306,G,306,0.54815066,0.76457065,0.73246926
R1138_307,G,307,0.5481502,0.76456976,0.7324682
R1138_308,C,308,0.54815197,0.7645728,0.7324719
R1138_309,U,309,0.5481559,0.76458,0.7324804
R1138_310,G,310,0.54816204,0.764591,0.73249346
R1138_311,G,311,0.5481702,0.7646055,0.7325108
R1138_312,A,312,0.54818034,0.7646235,0.7325322
R1138_313,U,313,0.5481926,0.7646454,0.7325583
R1138_314,G,314,0.5482074,0.76467186,0.7325898
R1138_315,C,315,0.54822487,0.76470286,0.73262686
R1138_316,C,316,0.54824424,0.7647373,0.732668
R1138_317,A,317,0.54826355,0.7647719,0.7327092
R1138_318,G,318,0.54828036,0.7648018,0.73274475
R1138_319,A,319,0.5482919,0.7648223,0.7327692
R1138_320,A,320,0.54829633,0.7648302,0.7327785
R1138_321,C,321,0.54829335,0.764825,0.7327724
R1138_322,U,322,0.5482846,0.76480925,0.7327536
R1138_323,C,323,0.5482718,0.7647865,0.73272663
R1138_324,A,324,0.5482569,0.7647601,0.7326949
R1138_325,C,325,0.54824144,0.7647323,0.73266196
R1138_326,G,326,0.54822624,0.76470536,0.73262984
R1138_327,A,327,0.54821235,0.7646807,0.73260033
R1138_328,C,328,0.54820114,0.7646606,0.73257643
R1138_329,U,329,0.54819393,0.7646478,0.7325612
R1138_330,G,330,0.548192,0.7646443,0.7325572
R1138_331,G,331,0.5481956,0.76465064,0.7325646
R1138_332,C,332,0.548203,0.7646638,0.73258036
R1138_333,A,333,0.54821146,0.7646791,0.7325984
R1138_334,U,334,0.54821765,0.7646901,0.7326115
R1138_335,C,335,0.5482185,0.76469165,0.7326135
R1138_336,U,336,0.54821324,0.7646821,0.7326021
R1138_337,A,337,0.54820263,0.7646633,0.73257965
R1138_338,C,338,0.5481895,0.76464,0.7325519
R1138_339,G,339,0.5481769,0.7646175,0.7325251
R1138_340,G,340,0.5481672,0.7646002,0.7325044
R1138_341,G,341,0.5481612,0.7645895,0.7324917
R1138_342,G,342,0.5481584,0.7645845,0.7324857
R1138_343,A,343,0.5481578,0.7645834,0.7324845
R1138_344,U,344,0.54815865,0.7645848,0.7324861
R1138_345,G,345,0.54816055,0.76458836,0.73249036
R1138_346,G,346,0.54816455,0.7645953,0.73249865
R1138_347,U,347,0.5481713,0.7646074,0.7325131
R1138_348,G,348,0.5481817,0.76462585,0.73253506
R1138_349,C,349,0.5481956,0.7646506,0.7325645
R1138_350,U,350,0.54821205,0.7646801,0.73259974
R1138_351,C,351,0.54823005,0.76471215,0.73263794
R1138_352,U,352,0.54824805,0.76474416,0.73267615
R1138_353,C,353,0.5482645,0.7647736,0.73271114
R1138_354,C,354,0.54827833,0.76479816,0.73274046
R1138_355,C,355,0.5482881,0.7648156,0.73276126
R1138_356,A,356,0.54829323,0.76482475,0.73277205
R1138_357,A,357,0.5482931,0.7648245,0.7327718
R1138_358,U,358,0.5482886,0.7648164,0.73276216
R1138_359,U,359,0.5482812,0.7648034,0.7327467
R1138_360,C,360,0.54827404,0.7647904,0.73273116
R1138_361,U,361,0.5482688,0.7647813,0.73272026
R1138_362,C,362,0.548267,0.76477796,0.7327163
R1138_363,C,363,0.54826796,0.7647797,0.7327184
R1138_364,A,364,0.54826987,0.7647831,0.73272246
R1138_365,U,365,0.5482701,0.7647836,0.73272306
R1138_366,U,366,0.5482669,0.76477784,0.73271614
R1138_367,U,367,0.5482594,0.7647645,0.7327003
R1138_368,A,368,0.54824877,0.76474553,0.73267764
R1138_369,C,369,0.5482372,0.7647249,0.73265314
R1138_370,C,370,0.54822767,0.7647078,0.7326327
R1138_371,G,371,0.5482221,0.764698,0.73262113
R1138_372,C,372,0.54822206,0.7646981,0.732621
R1138_373,C,373,0.5482272,0.76470715,0.73263186
R1138_374,G,374,0.54823565,0.76472217,0.73264986
R1138_375,A,375,0.5482447,0.7647384,0.7326691
R1138_376,A,376,0.54825234,0.76475185,0.73268527
R1138_377,U,377,0.5482576,0.76476127,0.7326964
R1138_378,C,378,0.54826146,0.7647682,0.73270464
R1138_379,G,379,0.5482658,0.7647758,0.73271376
R1138_380,A,380,0.5482719,0.76478654,0.73272663
R1138_381,C,381,0.54827917,0.7647997,0.7327423
R1138_382,C,382,0.5482857,0.76481146,0.73275626
R1138_383,C,383,0.54828864,0.7648166,0.7327623
R1138_384,C,384,0.54828537,0.7648107,0.73275536
R1138_385,A,385,0.5482756,0.76479334,0.7327346
R1138_386,A,386,0.54826075,0.7647669,0.7327031
R1138_387,C,387,0.54824376,0.7647364,0.7326668
R1138_388,G,388,0.5482271,0.7647068,0.73263156
R1138_389,U,389,0.548213,0.76468176,0.73260164
R1138_390,G,390,0.5482017,0.7646616,0.7325775
R1138_391,A,391,0.5481924,0.7646449,0.73255783
R1138_392,G,392,0.54818374,0.76462954,0.7325395
R1138_393,A,393,0.5481748,0.76461357,0.7325204
R1138_394,G,394,0.54816556,0.7645971,0.73250073
R1138_395,G,395,0.5481566,0.7645813,0.732482
R1138_396,G,396,0.5481496,0.76456875,0.732467
R1138_397,G,397,0.54814553,0.7645615,0.73245823
R1138_398,U,398,0.5481452,0.76456076,0.73245746
R1138_399,C,399,0.548149,0.7645676,0.7324657
R1138_400,G,400,0.54815716,0.7645821,0.73248297
R1138_401,G,401,0.5481689,0.76460314,0.732508
R1138_402,U,402,0.5481832,0.76462877,0.7325385
R1138_403,U,403,0.54819834,0.7646555,0.73257035
R1138_404,C,404,0.54821134,0.76467884,0.73259825
R1138_405,C,405,0.5482209,0.76469594,0.7326185
R1138_406,C,406,0.54822636,0.7647056,0.7326301
R1138_407,C,407,0.548229,0.76471037,0.7326358
R1138_408,G,408,0.54823184,0.7647153,0.73264164
R1138_409,A,409,0.5482377,0.7647256,0.732654
R1138_410,G,410,0.54824793,0.7647441,0.73267597
R1138_411,C,411,0.54826224,0.7647696,0.7327065
R1138_412,A,412,0.54827845,0.76479834,0.7327407
R1138_413,U,413,0.5482938,0.76482576,0.73277324
R1138_414,A,414,0.54830676,0.76484877,0.7328007
R1138_415,G,415,0.54831743,0.76486784,0.73282355
R1138_416,A,416,0.5483271,0.7648851,0.7328441
R1138_417,C,417,0.5483366,0.7649022,0.7328643
R1138_418,C,418,0.54834557,0.764918,0.73288316
R1138_419,A,419,0.54835176,0.76492906,0.7328964
R1138_420,A,420,0.54835236,0.76493007,0.73289764
R1138_421,U,421,0.5483452,0.7649173,0.73288244
R1138_422,A,422,0.54833007,0.7648904,0.7328503
R1138_423,U,423,0.5483088,0.7648524,0.7328051
R1138_424,C,424,0.5482844,0.7648091,0.73275334
R1138_425,C,425,0.54826033,0.76476604,0.73270214
R1138_426,C,426,0.54823947,0.7647289,0.73265785
R1138_427,A,427,0.5482241,0.76470155,0.73262525
R1138_428,G,428,0.5482154,0.7646859,0.7326066
R1138_429,G,429,0.54821324,0.7646823,0.7326023
R1138_430,U,430,0.54821634,0.76468766,0.73260874
R1138_431,U,431,0.54822195,0.76469785,0.7326208
R1138_432,U,432,0.5482279,0.76470834,0.7326333
R1138_433,A,433,0.5482326,0.76471674,0.7326434
R1138_434,U,434,0.54823685,0.7647243,0.7326524
R1138_435,G,435,0.54824233,0.7647342,0.73266417
R1138_436,C,436,0.5482509,0.76474935,0.7326823
R1138_437,U,437,0.54826266,0.7647702,0.73270714
R1138_438,C,438,0.5482755,0.7647931,0.7327344
R1138_439,C,439,0.5482861,0.76481193,0.73275685
R1138_440,C,440,0.54829085,0.76482034,0.7327668
R1138_441,C,441,0.5482875,0.7648144,0.7327598
R1138_442,A,442,0.5482757,0.7647936,0.732735
R1138_443,A,443,0.54825777,0.7647615,0.7326968
R1138_444,C,444,0.54823667,0.76472384,0.73265177
R1138_445,G,445,0.548216,0.76468706,0.732608
R1138_446,C,446,0.54819965,0.764658,0.7325733
R1138_447,U,447,0.5481905,0.7646414,0.7325536
R1138_448,G,448,0.54819,0.7646406,0.7325526
R1138_449,G,449,0.5481986,0.7646559,0.7325708
R1138_450,A,450,0.5482148,0.764685,0.73260546
R1138_451,C,451,0.5482361,0.76472276,0.7326506
R1138_452,G,452,0.5482584,0.7647628,0.7326982
R1138_453,A,453,0.5482782,0.7647979,0.73274016
R1138_454,A,454,0.5482919,0.7648225,0.73276937
R1138_455,C,455,0.5482983,0.76483387,0.7327829
R1138_456,U,456,0.5482973,0.7648321,0.7327809
R1138_457,A,457,0.54829055,0.76482004,0.7327665
R1138_458,C,458,0.54828006,0.7648013,0.7327442
R1138_459,C,459,0.5482679,0.7647797,0.7327184
R1138_460,U,460,0.5482555,0.76475745,0.73269194
R1138_461,A,461,0.54824376,0.76473653,0.7326669
R1138_462,C,462,0.5482334,0.764718,0.7326448
R1138_463,G,463,0.54822433,0.76470184,0.73262566
R1138_464,U,464,0.5482166,0.7646881,0.7326093
R1138_465,C,465,0.5482094,0.76467556,0.7325942
R1138_466,U,466,0.54820263,0.76466334,0.73257977
R1138_467,A,467,0.54819596,0.76465136,0.73256546
R1138_468,G,468,0.54818964,0.7646402,0.7325522
R1138_469,C,469,0.54818463,0.7646312,0.73254144
R1138_470,G,470,0.54818153,0.7646258,0.73253495
R1138_471,U,471,0.5481812,0.7646249,0.73253393
R1138_472,U,472,0.5481838,0.7646296,0.73253953
R1138_473,C,473,0.5481905,0.7646416,0.7325538
R1138_474,C,474,0.54820263,0.7646633,0.73257965
R1138_475,G,475,0.5482216,0.76469713,0.73261994
R1138_476,G,476,0.548247,0.7647423,0.7326738
R1138_477,C,477,0.54827595,0.76479393,0.73273546
R1138_478,A,478,0.5483031,0.76484245,0.7327932
R1138_479,A,479,0.5483227,0.76487714,0.7328345
R1138_480,A,480,0.54833055,0.76489115,0.7328512
R1138_481,U,481,0.54832697,0.7648848,0.7328437
R1138_482,G,482,0.5483166,0.7648663,0.73282164
R1138_483,A,483,0.548306,0.7648476,0.7327992
R1138_484,G,484,0.54830116,0.7648388,0.732789
R1138_485,U,485,0.5483042,0.7648441,0.7327953
R1138_486,C,486,0.548313,0.76486,0.732814
R1138_487,A,487,0.54832286,0.7648775,0.732835
R1138_488,A,488,0.5483285,0.7648874,0.73284686
R1138_489,U,489,0.5483266,0.7648842,0.73284286
R1138_490,A,490,0.54831743,0.76486784,0.73282343
R1138_491,C,491,0.54830384,0.76484364,0.7327947
R1138_492,C,492,0.5482898,0.76481855,0.73276466
R1138_493,U,493,0.5482784,0.7647983,0.7327406
R1138_494,C,494,0.54827154,0.7647861,0.73272604
R1138_495,A,495,0.5482693,0.76478213,0.7327214
R1138_496,G,496,0.5482706,0.7647845,0.7327241
R1138_497,A,497,0.5482739,0.7647903,0.73273104
R1138_498,C,498,0.5482769,0.7647957,0.7327375
R1138_499,U,499,0.5482776,0.7647969,0.7327389
R1138_500,U,500,0.5482737,0.7647899,0.73273057
R1138_501,A,501,0.54826367,0.764772,0.7327093
R1138_502,U,502,0.54824746,0.76474303,0.7326748
R1138_503,U,503,0.54822636,0.7647056,0.7326301
R1138_504,U,504,0.54820377,0.7646653,0.73258215
R1138_505,G,505,0.5481832,0.7646286,0.7325384
R1138_506,C,506,0.5481676,0.7646008,0.73250514
R1138_507,G,507,0.5481584,0.7645844,0.7324858
R1138_508,G,508,0.5481559,0.7645798,0.73248017
R1138_509,U,509,0.5481583,0.7645842,0.7324854
R1138_510,G,510,0.5481639,0.76459426,0.73249733
R1138_511,C,511,0.5481708,0.7646066,0.73251206
R1138_512,C,512,0.54817796,0.76461935,0.7325274
R1138_513,U,513,0.54818547,0.7646328,0.7325434
R1138_514,G,514,0.54819477,0.76464945,0.7325631
R1138_515,A,515,0.548208,0.7646728,0.7325911
R1138_516,G,516,0.54822683,0.7647064,0.73263097
R1138_517,C,517,0.54825187,0.764751,0.7326842
R1138_518,C,518,0.54828143,0.7648036,0.73274684
R1138_519,U,519,0.54831123,0.7648569,0.73281044
R1138_520,A,520,0.5483366,0.76490194,0.73286414
R1138_521,A,521,0.5483532,0.7649315,0.7328993
R1138_522,A,522,0.5483593,0.7649427,0.7329126
R1138_523,C,523,0.5483571,0.7649386,0.7329077
R1138_524,U,524,0.54834914,0.76492435,0.7328909
R1138_525,G,525,0.5483383,0.76490504,0.73286784
R1138_526,A,526,0.5483251,0.76488155,0.73283976
R1138_527,A,527,0.5483085,0.76485187,0.7328044
R1138_528,C,528,0.5482875,0.7648143,0.7327598
R1138_529,A,529,0.54826224,0.7647694,0.7327061
R1138_530,U,530,0.54823554,0.76472193,0.7326496
R1138_531,G,531,0.5482112,0.76467866,0.7325979
R1138_532,G,532,0.5481927,0.7646456,0.73255855
R1138_533,G,533,0.5481814,0.76462543,0.7325346
R1138_534,U,534,0.5481769,0.7646174,0.73252493
R1138_535,U,535,0.5481771,0.76461786,0.7325254
R1138_536,C,536,0.5481799,0.76462287,0.7325315
R1138_537,A,537,0.5481839,0.7646299,0.73253983
R1138_538,G,538,0.54818845,0.764638,0.73254955
R1138_539,G,539,0.54819334,0.7646466,0.73255974
R1138_540,C,540,0.5481979,0.7646547,0.7325695
R1138_541,A,541,0.5482011,0.7646604,0.73257625
R1138_542,U,542,0.5482017,0.76466155,0.7325776
R1138_543,C,543,0.5481994,0.76465756,0.73257285
R1138_544,U,544,0.5481951,0.7646499,0.7325638
R1138_545,U,545,0.5481909,0.7646424,0.7325546
R1138_546,G,546,0.5481888,0.7646387,0.7325503
R1138_547,G,547,0.54819024,0.764641,0.7325532
R1138_548,C,548,0.5481945,0.76464874,0.73256236
R1138_549,U,549,0.54820013,0.76465887,0.7325744
R1138_550,C,550,0.5482048,0.7646671,0.7325842
R1138_551,C,551,0.5482066,0.76467043,0.7325881
R1138_552,A,552,0.54820496,0.76466745,0.73258466
R1138_553,G,553,0.5482001,0.76465887,0.73257446
R1138_554,U,554,0.5481932,0.76464653,0.7325597
R1138_555,U,555,0.54818535,0.7646325,0.732543
R1138_556,C,556,0.5481775,0.7646183,0.732526
R1138_557,G,557,0.5481701,0.76460505,0.7325104
R1138_558,C,558,0.5481634,0.7645935,0.73249644
R1138_559,U,559,0.54815835,0.76458424,0.73248553
R1138_560,G,560,0.54815495,0.7645783,0.7324783
R1138_561,G,561,0.54815364,0.7645759,0.7324755
R1138_562,A,562,0.54815435,0.76457715,0.732477
R1138_563,G,563,0.5481564,0.7645809,0.7324814
R1138_564,C,564,0.5481591,0.76458573,0.73248726
R1138_565,C,565,0.5481614,0.76458985,0.7324921
R1138_566,G,566,0.54816264,0.76459205,0.7324948
R1138_567,A,567,0.54816294,0.7645926,0.7324954
R1138_568,C,568,0.5481626,0.7645919,0.7324946
R1138_569,G,569,0.5481622,0.7645913,0.7324938
R1138_570,G,570,0.5481622,0.7645913,0.7324938
R1138_571,U,571,0.5481626,0.7645919,0.7324945
R1138_572,A,572,0.54816306,0.76459277,0.7324956
R1138_573,G,573,0.5481634,0.7645935,0.73249644
R1138_574,C,574,0.5481634,0.7645935,0.73249644
R1138_575,G,575,0.54816306,0.7645928,0.73249567
R1138_576,C,576,0.5481622,0.7645914,0.73249394
R1138_577,U,577,0.5481614,0.7645897,0.7324919
R1138_578,G,578,0.54816043,0.7645882,0.7324901
R1138_579,C,579,0.5481601,0.7645873,0.7324891
R1138_580,G,580,0.5481602,0.7645877,0.7324896
R1138_581,U,581,0.54816103,0.7645892,0.7324914
R1138_582,U,582,0.54816246,0.76459175,0.73249435
R1138_583,C,583,0.5481641,0.7645946,0.73249775
R1138_584,G,584,0.54816556,0.76459724,0.732501
R1138_585,C,585,0.54816675,0.7645993,0.7325034
R1138_586,G,586,0.5481678,0.7646011,0.73250556
R1138_587,C,587,0.54816866,0.7646027,0.7325075
R1138_588,A,588,0.5481696,0.7646044,0.73250943
R1138_589,G,589,0.5481708,0.76460654,0.73251206
R1138_590,U,590,0.548172,0.7646088,0.7325147
R1138_591,G,591,0.54817295,0.7646103,0.7325165
R1138_592,C,592,0.54817325,0.7646109,0.73251724
R1138_593,U,593,0.54817295,0.7646103,0.73251647
R1138_594,A,594,0.54817235,0.7646093,0.7325153
R1138_595,G,595,0.54817253,0.7646096,0.73251563
R1138_596,G,596,0.54817444,0.764613,0.7325197
R1138_597,G,597,0.5481789,0.7646211,0.7325294
R1138_598,A,598,0.548186,0.76463366,0.7325443
R1138_599,G,599,0.5481944,0.7646486,0.73256207
R1138_600,C,600,0.5482024,0.7646629,0.7325793
R1138_601,A,601,0.5482083,0.76467335,0.7325917
R1138_602,U,602,0.54821134,0.7646789,0.73259825
R1138_603,C,603,0.54821175,0.76467955,0.732599
R1138_604,C,604,0.54821074,0.7646777,0.73259693
R1138_605,G,605,0.5482093,0.7646751,0.73259366
R1138_606,U,606,0.54820776,0.7646724,0.7325905
R1138_607,U,607,0.5482055,0.7646684,0.7325857
R1138_608,U,608,0.54820156,0.7646613,0.7325774
R1138_609,U,609,0.5481949,0.7646496,0.7325633
R1138_610,C,610,0.54818606,0.7646337,0.7325445
R1138_611,G,611,0.54817605,0.76461595,0.73252326
R1138_612,A,612,0.54816663,0.76459914,0.73250324
R1138_613,G,613,0.5481595,0.7645863,0.732488
R1138_614,C,614,0.5481553,0.7645789,0.73247916
R1138_615,G,615,0.54815406,0.7645766,0.73247635
R1138_616,G,616,0.5481546,0.7645777,0.7324776
R1138_617,A,617,0.54815567,0.76457953,0.7324799
R1138_618,U,618,0.5481556,0.7645794,0.7324797
R1138_619,G,619,0.54815364,0.7645759,0.7324756
R1138_620,C,620,0.54814994,0.7645695,0.73246783
R1138_621,U,621,0.5481454,0.76456136,0.7324582
R1138_622,G,622,0.548141,0.7645534,0.73244864
R1138_623,G,623,0.54813766,0.7645474,0.7324416
R1138_624,G,624,0.548136,0.7645445,0.7324381
R1138_625,C,625,0.54813635,0.7645452,0.732439
R1138_626,G,626,0.548139,0.7645498,0.73244435
R1138_627,G,627,0.5481435,0.7645578,0.73245394
R1138_628,U,628,0.54814965,0.7645688,0.7324671
R1138_629,U,629,0.5481566,0.7645814,0.732482
R1138_630,G,630,0.5481638,0.76459414,0.73249716
R1138_631,C,631,0.5481701,0.76460534,0.7325107
R1138_632,C,632,0.54817486,0.7646139,0.73252076
R1138_633,U,633,0.54817796,0.76461935,0.7325273
R1138_634,G,634,0.5481794,0.7646218,0.7325302
R1138_635,U,635,0.5481794,0.7646218,0.7325303
R1138_636,U,636,0.5481785,0.7646203,0.73252845
R1138_637,C,637,0.5481777,0.76461893,0.73252684
R1138_638,G,638,0.5481782,0.76461977,0.7325278
R1138_639,C,639,0.54818106,0.7646247,0.73253375
R1138_640,A,640,0.54818726,0.7646358,0.73254687
R1138_641,G,641,0.5481967,0.76465255,0.7325669
R1138_642,G,642,0.5482078,0.76467246,0.7325906
R1138_643,C,643,0.54821754,0.7646899,0.73261136
R1138_644,A,644,0.5482229,0.7646994,0.7326227
R1138_645,A,645,0.5482217,0.76469725,0.7326201
R1138_646,U,646,0.54821455,0.76468456,0.73260504
R1138_647,C,647,0.54820424,0.7646661,0.7325831
R1138_648,G,648,0.5481949,0.7646497,0.7325634
R1138_649,G,649,0.5481906,0.7646418,0.73255414
R1138_650,G,650,0.5481931,0.76464623,0.73255926
R1138_651,C,651,0.54820216,0.7646625,0.7325787
R1138_652,C,652,0.548216,0.764687,0.7326079
R1138_653,U,653,0.5482316,0.7647148,0.7326411
R1138_654,A,654,0.5482464,0.7647412,0.7326725
R1138_655,C,655,0.5482583,0.7647626,0.73269796
R1138_656,U,656,0.54826653,0.7647771,0.7327153
R1138_657,C,657,0.5482706,0.7647843,0.7327239
R1138_658,A,658,0.5482707,0.7647845,0.73272413
R1138_659,U,659,0.54826725,0.76477844,0.7327169
R1138_660,G,660,0.5482609,0.7647672,0.7327034
R1138_661,A,661,0.5482526,0.7647522,0.7326857
R1138_662,U,662,0.5482434,0.76473594,0.7326662
R1138_663,U,663,0.54823506,0.7647211,0.7326485
R1138_664,C,664,0.54822904,0.7647103,0.7326358
R1138_665,G,665,0.548226,0.76470476,0.7326292
R1138_666,U,666,0.5482254,0.7647039,0.7326281
R1138_667,C,667,0.54822576,0.76470464,0.73262894
R1138_668,A,668,0.548225,0.7647032,0.7326272
R1138_669,U,669,0.54822135,0.7646966,0.7326193
R1138_670,G,670,0.54821396,0.7646834,0.7326036
R1138_671,A,671,0.5482037,0.7646652,0.73258185
R1138_672,G,672,0.54819286,0.76464576,0.7325587
R1138_673,U,673,0.5481838,0.7646297,0.73253965
R1138_674,G,674,0.54817903,0.7646212,0.73252946
R1138_675,G,675,0.54817915,0.7646214,0.7325298
R1138_676,U,676,0.5481835,0.7646293,0.7325391
R1138_677,G,677,0.5481899,0.7646405,0.73255247
R1138_678,A,678,0.54819524,0.76465005,0.7325639
R1138_679,C,679,0.5481975,0.7646541,0.7325687
R1138_680,A,680,0.54819584,0.7646511,0.7325651
R1138_681,G,681,0.5481913,0.76464313,0.7325556
R1138_682,C,682,0.5481863,0.76463425,0.7325451
R1138_683,G,683,0.5481831,0.76462847,0.73253816
R1138_684,U,684,0.5481828,0.7646279,0.7325374
R1138_685,G,685,0.548185,0.7646319,0.7325423
R1138_686,A,686,0.54818857,0.7646383,0.7325499
R1138_687,U,687,0.54819214,0.76464456,0.73255736
R1138_688,G,688,0.548195,0.76464975,0.73256356
R1138_689,U,689,0.548198,0.76465493,0.73256963
R1138_690,U,690,0.5482022,0.76466256,0.7325787
R1138_691,C,691,0.54820895,0.76467454,0.7325931
R1138_692,G,692,0.5482185,0.76469153,0.7326134
R1138_693,C,693,0.5482292,0.7647108,0.7326363
R1138_694,A,694,0.54823875,0.7647275,0.7326562
R1138_695,U,695,0.54824364,0.7647363,0.7326668
R1138_696,U,696,0.5482422,0.76473373,0.7326637
R1138_697,A,697,0.5482341,0.7647193,0.73264647
R1138_698,C,698,0.5482209,0.76469564,0.7326182
R1138_699,G,699,0.5482048,0.7646671,0.7325843
R1138_700,C,700,0.5481889,0.7646387,0.73255044
R1138_701,U,701,0.54817486,0.76461375,0.73252064
R1138_702,G,702,0.548164,0.7645945,0.73249763
R1138_703,U,703,0.5481572,0.7645822,0.7324831
R1138_704,C,704,0.54815483,0.764578,0.7324781
R1138_705,G,705,0.5481577,0.764583,0.73248404
R1138_706,G,706,0.54816556,0.7645973,0.732501
R1138_707,G,707,0.54817784,0.76461905,0.73252696
R1138_708,U,708,0.5481924,0.7646449,0.7325577
R1138_709,A,709,0.54820657,0.7646701,0.7325879
R1138_710,G,710,0.54821795,0.7646906,0.73261225
R1138_711,A,711,0.5482266,0.76470596,0.73263055
R1138_712,U,712,0.5482338,0.7647188,0.73264575
R1138_713,G,713,0.54824275,0.7647348,0.7326649
R1138_714,G,714,0.54826117,0.7647675,0.7327039
R1138_715,A,715,0.54837704,0.7649739,0.7329499
R1138_716,G,716,0.5489749,0.7660395,0.7342199
R1138_717,A,717,0.55111825,0.7698595,0.7387726
R1138_718,A,718,0.5565046,0.77945906,0.7502135
R1138_719,U,719,0.564693,0.7940523,0.76760614
R1138_720,U,720,0.5138489,0.70343834,0.65961045
R1149_1,G,1,0.51373065,0.7032276,0.6593593
R1149_2,G,2,0.564556,0.79380816,0.7673152
R1149_3,A,3,0.55638635,0.7792482,0.7499622
R1149_4,C,4,0.5510266,0.76969606,0.7385778
R1149_5,A,5,0.5489141,0.7659312,0.7340908
R1149_6,C,6,0.5483476,0.7649215,0.73288745
R1149_7,G,7,0.54826033,0.76476616,0.7327023
R1149_8,A,8,0.54826635,0.7647768,0.73271495
R1149_9,G,9,0.54827666,0.76479536,0.732737
R1149_10,U,10,0.5482844,0.76480895,0.7327533
R1149_11,A,11,0.5482865,0.76481277,0.7327578
R1149_12,A,12,0.54828197,0.76480466,0.73274815
R1149_13,C,13,0.5482718,0.7647865,0.73272663
R1149_14,U,14,0.548259,0.7647637,0.7326994
R1149_15,C,15,0.5482474,0.76474315,0.7326748
R1149_16,G,16,0.5482402,0.7647302,0.73265946
R1149_17,U,17,0.5482385,0.7647272,0.7326558
R1149_18,C,18,0.54824114,0.76473194,0.73266155
R1149_19,U,19,0.5482457,0.76474,0.73267114
R1149_20,A,20,0.5482491,0.764746,0.73267823
R1149_21,U,21,0.54824877,0.7647454,0.73267764
R1149_22,C,22,0.5482441,0.76473695,0.7326675
R1149_23,U,23,0.54823506,0.7647211,0.73264855
R1149_24,U,24,0.5482235,0.76470035,0.7326239
R1149_25,C,25,0.5482106,0.76467746,0.7325966
R1149_26,U,26,0.54819787,0.7646548,0.7325695
R1149_27,G,27,0.5481863,0.7646342,0.7325451
R1149_28,C,28,0.5481766,0.76461685,0.73252434
R1149_29,A,29,0.5481694,0.764604,0.732509
R1149_30,G,30,0.5481653,0.7645968,0.73250055
R1149_31,G,31,0.54816496,0.7645959,0.73249936
R1149_32,C,32,0.5481678,0.7646011,0.7325056
R1149_33,U,33,0.5481738,0.7646118,0.73251814
R1149_34,G,34,0.5481813,0.7646254,0.73253447
R1149_35,C,35,0.5481888,0.7646386,0.7325502
R1149_36,U,36,0.54819417,0.7646481,0.7325615
R1149_37,U,37,0.5481961,0.7646515,0.73256564
R1149_38,A,38,0.5481944,0.76464874,0.73256224
R1149_39,C,39,0.54819053,0.7646416,0.73255384
R1149_40,G,40,0.548186,0.7646336,0.73254424
R1149_41,G,41,0.5481826,0.7646275,0.73253703
R1149_42,U,42,0.54818106,0.76462483,0.7325339
R1149_43,U,43,0.5481813,0.7646253,0.73253447
R1149_44,U,44,0.5481825,0.7646273,0.73253673
R1149_45,C,45,0.54818344,0.7646291,0.732539
R1149_46,G,46,0.5481835,0.7646292,0.73253906
R1149_47,U,47,0.5481822,0.7646269,0.73253626
R1149_48,C,48,0.5481796,0.7646223,0.73253083
R1149_49,C,49,0.54817617,0.7646162,0.7325235
R1149_50,G,50,0.5481728,0.76461,0.73251617
R1149_51,U,51,0.5481701,0.7646052,0.7325105
R1149_52,G,52,0.5481688,0.76460296,0.73250777
R1149_53,U,53,0.548169,0.7646033,0.7325083
R1149_54,U,54,0.54817057,0.76460624,0.7325117
R1149_55,G,55,0.5481732,0.7646108,0.7325172
R1149_56,C,56,0.54817665,0.764617,0.7325245
R1149_57,A,57,0.5481814,0.7646255,0.7325346
R1149_58,G,58,0.5481879,0.764637,0.7325483
R1149_59,C,59,0.54819703,0.76465315,0.7325676
R1149_60,C,60,0.5482091,0.7646748,0.73259336
R1149_61,G,61,0.5482241,0.7647014,0.73262507
R1149_62,A,62,0.5482404,0.7647306,0.7326598
R1149_63,U,63,0.54825604,0.76475847,0.7326931
R1149_64,C,64,0.54826844,0.7647807,0.7327196
R1149_65,A,65,0.5482762,0.76479435,0.7327358
R1149_66,U,66,0.54827905,0.7647994,0.7327419
R1149_67,C,67,0.54827845,0.76479834,0.73274064
R1149_68,A,68,0.54827654,0.764795,0.73273665
R1149_69,G,69,0.5482753,0.76479286,0.732734
R1149_70,C,70,0.5482755,0.76479304,0.7327343
R1149_71,A,71,0.5482762,0.7647944,0.73273593
R1149_72,C,72,0.54827607,0.7647941,0.73273563
R1149_73,A,73,0.54827285,0.76478845,0.7327289
R1149_74,U,74,0.5482657,0.7647755,0.7327134
R1149_75,C,75,0.54825443,0.76475555,0.73268956
R1149_76,U,76,0.54824036,0.76473063,0.7326598
R1149_77,A,77,0.5482259,0.7647047,0.732629
R1149_78,G,78,0.5482129,0.76468164,0.73260146
R1149_79,G,79,0.54820263,0.7646633,0.7325796
R1149_80,U,80,0.5481954,0.7646505,0.7325644
R1149_81,U,81,0.54819083,0.76464224,0.73255455
R1149_82,U,82,0.54818773,0.7646366,0.73254794
R1149_83,C,83,0.54818493,0.7646318,0.73254204
R1149_84,G,84,0.54818165,0.7646258,0.73253495
R1149_85,U,85,0.5481771,0.76461786,0.7325255
R1149_86,C,86,0.54817146,0.7646077,0.73251337
R1149_87,C,87,0.54816484,0.7645959,0.7324993
R1149_88,G,88,0.5481583,0.76458436,0.7324856
R1149_89,G,89,0.5481534,0.76457554,0.7324751
R1149_90,G,90,0.5481514,0.76457196,0.7324708
R1149_91,U,91,0.5481534,0.76457554,0.732475
R1149_92,G,92,0.54815996,0.76458704,0.7324888
R1149_93,U,93,0.5481709,0.76460665,0.73251206
R1149_94,G,94,0.54818606,0.7646337,0.7325445
R1149_95,A,95,0.5482052,0.7646678,0.73258513
R1149_96,C,96,0.54822713,0.7647069,0.73263174
R1149_97,C,97,0.5482502,0.7647481,0.7326807
R1149_98,G,98,0.54827195,0.7647868,0.7327269
R1149_99,A,99,0.5482898,0.7648187,0.7327649
R1149_100,A,100,0.54830194,0.76484036,0.73279065
R1149_101,A,101,0.5483086,0.76485205,0.7328047
R1149_102,G,102,0.548311,0.7648565,0.73280984
R1149_103,G,103,0.54831123,0.76485693,0.7328105
R1149_104,U,104,0.5483104,0.7648552,0.7328085
R1149_105,A,105,0.54830736,0.76485,0.73280215
R1149_106,A,106,0.54830086,0.7648382,0.73278815
R1149_107,G,107,0.5482892,0.7648175,0.73276347
R1149_108,A,108,0.5482728,0.76478827,0.7327287
R1149_109,U,109,0.5482538,0.76475435,0.7326883
R1149_110,G,110,0.5482352,0.76472133,0.7326488
R1149_111,G,111,0.54821956,0.76469344,0.7326156
R1149_112,A,112,0.5482081,0.764673,0.7325913
R1149_113,G,113,0.5482007,0.7646598,0.7325755
R1149_114,A,114,0.54819643,0.7646523,0.73256654
R1149_115,G,115,0.54819465,0.764649,0.73256254
R1149_116,C,116,0.54819465,0.76464915,0.7325628
R1149_117,C,117,0.54819727,0.76465374,0.7325683
R1149_118,U,118,0.54820824,0.7646733,0.73259157
R1149_119,U,119,0.5483161,0.7648656,0.73282075
R1149_120,G,120,0.54890764,0.76591974,0.7340772
R1149_121,U,121,0.5510484,0.7697349,0.73862416
R1149_122,C,122,0.556436,0.77933687,0.7500679
R1149_123,C,123,0.56462765,0.7939357,0.76746714
R1149_124,C,124,0.51379716,0.7033462,0.65950066
R1156_1,G,1,0.5137098,0.7031905,0.6593151
R1156_2,G,2,0.5645298,0.79376143,0.7672595
R1156_3,A,3,0.556358,0.7791976,0.74990195
R1156_4,G,4,0.5509945,0.76963913,0.7385099
R1156_5,C,5,0.5488764,0.765864,0.7340107
R1156_6,A,6,0.548301,0.7648385,0.7327885
R1156_7,U,7,0.54820156,0.76466125,0.73257726
R1156_8,C,8,0.54819286,0.7646459,0.7325589
R1156_9,G,9,0.5481899,0.7646406,0.7325526
R1156_10,U,10,0.54819024,0.764641,0.7325531
R1156_11,G,11,0.5481951,0.7646499,0.73256373
R1156_12,U,12,0.5482049,0.7646672,0.73258436
R1156_13,C,13,0.5482177,0.7646901,0.7326116
R1156_14,U,14,0.5482305,0.764713,0.7326389
R1156_15,C,15,0.5482398,0.76472956,0.7326587
R1156_16,A,16,0.54824317,0.7647355,0.73266584
R1156_17,A,17,0.54824007,0.7647298,0.7326589
R1156_18,G,18,0.54823214,0.7647158,0.73264223
R1156_19,U,19,0.5482226,0.7646987,0.7326219
R1156_20,G,20,0.54821444,0.76468444,0.7326048
R1156_21,C,21,0.5482094,0.7646753,0.73259395
R1156_22,U,22,0.5482072,0.7646714,0.7325894
R1156_23,U,23,0.54820627,0.7646697,0.7325873
R1156_24,C,24,0.54820514,0.7646678,0.732585
R1156_25,A,25,0.5482038,0.7646653,0.7325821
R1156_26,C,26,0.5482037,0.76466525,0.7325819
R1156_27,G,27,0.5482081,0.76467305,0.73259133
R1156_28,G,28,0.5482201,0.7646944,0.7326167
R1156_29,U,29,0.5482414,0.7647323,0.7326619
R1156_30,C,30,0.5482713,0.7647857,0.73272556
R1156_31,A,31,0.5483066,0.76484865,0.7328005
R1156_32,C,32,0.5483415,0.76491064,0.7328745
R1156_33,A,33,0.5483694,0.76496047,0.73293394
R1156_34,A,34,0.54838514,0.7649885,0.73296726
R1156_35,U,35,0.54838544,0.7649891,0.732968
R1156_36,A,36,0.5483706,0.7649626,0.7329365
R1156_37,U,37,0.548344,0.7649153,0.73288006
R1156_38,A,38,0.548311,0.7648565,0.73280996
R1156_39,C,39,0.5482774,0.76479644,0.73273844
R1156_40,C,40,0.5482477,0.76474357,0.73267525
R1156_41,G,41,0.54822433,0.76470184,0.73262566
R1156_42,U,42,0.5482073,0.76467156,0.7325895
R1156_43,U,43,0.5481949,0.7646496,0.7325634
R1156_44,U,44,0.5481852,0.7646323,0.73254263
R1156_45,C,45,0.5481762,0.76461625,0.7325236
R1156_46,G,46,0.5481674,0.7646006,0.73250484
R1156_47,U,47,0.5481587,0.76458496,0.7324863
R1156_48,C,48,0.54815066,0.7645708,0.7324694
R1156_49,G,49,0.5481442,0.76455915,0.7324556
R1156_50,G,50,0.5481397,0.76455086,0.7324458
R1156_51,G,51,0.54813695,0.7645463,0.73244023
R1156_52,U,52,0.54813635,0.7645452,0.732439
R1156_53,G,53,0.5481379,0.7645479,0.7324421
R1156_54,C,54,0.5481417,0.76455474,0.7324503
R1156_55,G,55,0.54814875,0.7645672,0.7324652
R1156_56,U,56,0.54815984,0.76458687,0.7324887
R1156_57,G,57,0.5481749,0.7646139,0.73252076
R1156_58,G,58,0.548193,0.76464605,0.73255914
R1156_59,C,59,0.54821086,0.7646778,0.73259705
R1156_60,A,60,0.54822433,0.7647019,0.73262566
R1156_61,A,61,0.54823005,0.7647121,0.7326378
R1156_62,U,62,0.5482267,0.764706,0.73263067
R1156_63,U,63,0.54821575,0.7646869,0.73260766
R1156_64,C,64,0.54820204,0.7646622,0.73257834
R1156_65,G,65,0.54819024,0.76464134,0.7325534
R1156_66,G,66,0.5481852,0.76463234,0.7325428
R1156_67,U,67,0.54818916,0.7646392,0.73255104
R1156_68,G,68,0.5482017,0.76466155,0.7325776
R1156_69,C,69,0.54822034,0.7646949,0.7326173
R1156_70,A,70,0.5482411,0.76473176,0.73266137
R1156_71,C,71,0.5482595,0.76476467,0.7327005
R1156_72,A,72,0.54827213,0.76478696,0.7327271
R1156_73,U,73,0.54827666,0.7647951,0.7327367
R1156_74,C,74,0.5482732,0.76478916,0.73272973
R1156_75,A,75,0.54826397,0.7647726,0.73270994
R1156_76,U,76,0.54825175,0.7647508,0.73268396
R1156_77,G,77,0.5482391,0.76472825,0.73265713
R1156_78,U,78,0.5482278,0.76470834,0.7326333
R1156_79,C,79,0.54821813,0.76469094,0.7326125
R1156_80,U,80,0.5482091,0.7646747,0.73259324
R1156_81,U,81,0.5481994,0.7646575,0.73257273
R1156_82,U,82,0.54818857,0.76463825,0.73254985
R1156_83,C,83,0.548177,0.76461774,0.7325254
R1156_84,G,84,0.5481658,0.7645977,0.73250157
R1156_85,U,85,0.5481564,0.7645808,0.73248136
R1156_86,G,86,0.5481491,0.7645678,0.7324659
R1156_87,G,87,0.54814434,0.7645594,0.7324558
R1156_88,C,88,0.5481417,0.76455474,0.7324503
R1156_89,U,89,0.5481407,0.76455283,0.73244804
R1156_90,G,90,0.54814076,0.764553,0.7324483
R1156_91,G,91,0.5481417,0.76455474,0.7324503
R1156_92,U,92,0.54814386,0.7645587,0.73245484
R1156_93,G,93,0.5481479,0.7645658,0.7324635
R1156_94,U,94,0.5481546,0.7645776,0.73247766
R1156_95,G,95,0.5481647,0.76459557,0.73249894
R1156_96,G,96,0.5481781,0.7646195,0.7325275
R1156_97,C,97,0.54819405,0.76464796,0.7325614
R1156_98,U,98,0.54821086,0.764678,0.73259723
R1156_99,C,99,0.54822636,0.7647055,0.73262995
R1156_100,C,100,0.54823816,0.7647265,0.7326551
R1156_101,U,101,0.5482443,0.76473755,0.73266816
R1156_102,C,102,0.54824376,0.7647366,0.732667
R1156_103,A,103,0.54823637,0.76472336,0.7326512
R1156_104,A,104,0.548223,0.76469964,0.7326229
R1156_105,G,105,0.548206,0.7646693,0.7325869
R1156_106,G,106,0.5481882,0.7646375,0.732549
R1156_107,U,107,0.54817224,0.7646091,0.7325151
R1156_108,G,108,0.5481602,0.7645876,0.7324894
R1156_109,C,109,0.54815286,0.76457465,0.732474
R1156_110,G,110,0.5481504,0.7645701,0.73246866
R1156_111,A,111,0.5481522,0.7645733,0.7324725
R1156_112,G,112,0.5481579,0.7645834,0.7324845
R1156_113,G,113,0.54816777,0.76460105,0.7325055
R1156_114,G,114,0.54818213,0.7646268,0.73253614
R1156_115,G,115,0.54820144,0.76466095,0.7325769
R1156_116,C,116,0.54822445,0.76470214,0.7326259
R1156_117,A,117,0.5482496,0.76474684,0.7326793
R1156_118,A,118,0.5482738,0.76479,0.73273075
R1156_119,G,119,0.54829395,0.7648259,0.7327735
R1156_120,U,120,0.5483073,0.76484996,0.7328021
R1156_121,A,121,0.5483128,0.7648596,0.73281366
R1156_122,U,122,0.5483103,0.76485497,0.7328082
R1156_123,A,123,0.548301,0.7648386,0.7327886
R1156_124,G,124,0.54828763,0.7648147,0.7327601
R1156_125,A,125,0.5482724,0.7647876,0.7327279
R1156_126,G,126,0.54825777,0.76476157,0.73269683
R1156_127,C,127,0.54824567,0.7647398,0.73267084
R1156_128,A,128,0.54823697,0.76472443,0.73265254
R1156_129,G,129,0.54823756,0.7647256,0.7326539
R1156_130,A,130,0.54833543,0.76489997,0.7328617
R1156_131,G,131,0.5489167,0.7659357,0.7340962
R1156_132,C,132,0.551047,0.76973253,0.7386213
R1156_133,U,133,0.5564252,0.77931744,0.7500449
R1156_134,C,134,0.5646099,0.79390407,0.7674294
R1156_135,C,135,0.5137801,0.7033158,0.65946436
R1189_1,G,1,0.5137103,0.70319146,0.6593162
R1189_2,C,2,0.5645317,0.79376477,0.7672634
R1189_3,G,3,0.55636275,0.7792061,0.7499121
R1189_4,U,4,0.5510031,0.76965433,0.738528
R1189_5,A,5,0.54888904,0.7658865,0.7340376
R1189_6,C,6,0.5483184,0.7648694,0.73282534
R1189_7,A,7,0.5482248,0.76470274,0.73262674
R1189_8,G,8,0.5482242,0.76470166,0.7326254
R1189_9,G,9,0.54823077,0.76471347,0.7326395
R1189_10,G,10,0.5482402,0.76473016,0.7326594
R1189_11,A,11,0.54825056,0.7647485,0.73268133
R1189_12,A,12,0.5482595,0.7647647,0.7327005
R1189_13,C,13,0.54826546,0.76477516,0.73271304
R1189_14,A,14,0.54826796,0.76477975,0.7327184
R1189_15,C,15,0.54826885,0.7647813,0.7327203
R1189_16,G,16,0.5482702,0.7647837,0.7327232
R1189_17,C,17,0.5482733,0.7647893,0.73272985
R1189_18,A,18,0.5482781,0.76479757,0.73273987
R1189_19,A,19,0.5482824,0.76480544,0.73274904
R1189_20,C,20,0.54828435,0.76480883,0.7327531
R1189_21,C,21,0.54828215,0.764805,0.73274857
R1189_22,C,22,0.54827607,0.7647942,0.73273563
R1189_23,C,23,0.5482671,0.7647782,0.7327166
R1189_24,G,24,0.548257,0.7647602,0.73269516
R1189_25,A,25,0.5482466,0.7647417,0.73267317
R1189_26,A,26,0.548236,0.76472276,0.73265064
R1189_27,G,27,0.5482247,0.7647025,0.7326265
R1189_28,G,28,0.54821205,0.76467997,0.73259956
R1189_29,A,29,0.5481986,0.76465607,0.73257107
R1189_30,U,30,0.54818594,0.7646336,0.7325442
R1189_31,C,31,0.54817593,0.7646157,0.732523
R1189_32,G,32,0.5481703,0.7646057,0.73251104
R1189_33,G,33,0.5481694,0.764604,0.73250896
R1189_34,G,34,0.54817224,0.76460916,0.7325151
R1189_35,G,35,0.54817677,0.76461715,0.7325247
R1189_36,A,36,0.5481807,0.7646241,0.73253304
R1189_37,A,37,0.54818225,0.76462686,0.7325362
R1189_38,G,38,0.548181,0.76462454,0.7325336
R1189_39,G,39,0.54817766,0.7646188,0.73252654
R1189_40,G,40,0.548174,0.76461226,0.7325188
R1189_41,A,41,0.54817146,0.7646077,0.7325135
R1189_42,C,42,0.54817104,0.7646068,0.7325123
R1189_43,G,43,0.54817224,0.7646091,0.7325151
R1189_44,U,44,0.54817444,0.76461303,0.7325198
R1189_45,C,45,0.54817635,0.76461655,0.732524
R1189_46,G,46,0.54817706,0.76461774,0.7325254
R1189_47,C,47,0.54817593,0.7646155,0.73252267
R1189_48,C,48,0.5481728,0.7646102,0.73251635
R1189_49,A,49,0.5481684,0.7646025,0.73250717
R1189_50,G,50,0.54816365,0.76459384,0.73249686
R1189_51,G,51,0.5481591,0.76458555,0.732487
R1189_52,G,52,0.5481554,0.76457924,0.73247945
R1189_53,A,53,0.54815376,0.76457614,0.73247576
R1189_54,G,54,0.54815495,0.76457816,0.73247826
R1189_55,G,55,0.54815996,0.7645871,0.7324889
R1189_56,C,56,0.54816914,0.76460356,0.7325084
R1189_57,G,57,0.54818225,0.76462704,0.73253644
R1189_58,A,58,0.5481981,0.7646552,0.73256993
R1189_59,U,59,0.54821444,0.76468444,0.7326048
R1189_60,U,60,0.54822946,0.7647111,0.7326367
R1189_61,C,61,0.54824126,0.7647321,0.7326618
R1189_62,C,62,0.5482489,0.76474565,0.73267776
R1189_63,A,63,0.54825175,0.7647508,0.732684
R1189_64,U,64,0.54825056,0.76474863,0.73268133
R1189_65,C,65,0.5482468,0.76474196,0.73267347
R1189_66,A,66,0.5482422,0.7647338,0.73266375
R1189_67,G,67,0.54823875,0.7647277,0.73265636
R1189_68,G,68,0.54823756,0.7647255,0.73265386
R1189_69,A,69,0.5482386,0.76472735,0.73265606
R1189_70,U,70,0.5482408,0.76473117,0.7326606
R1189_71,G,71,0.54824215,0.76473385,0.73266375
R1189_72,A,72,0.5482413,0.7647322,0.7326618
R1189_73,U,73,0.548237,0.76472443,0.7326526
R1189_74,G,74,0.548229,0.76471025,0.7326357
R1189_75,A,75,0.5482182,0.76469105,0.7326127
R1189_76,C,76,0.548206,0.76466924,0.7325868
R1189_77,G,77,0.54819417,0.76464814,0.7325617
R1189_78,A,78,0.54818475,0.7646314,0.73254174
R1189_79,G,79,0.54817975,0.7646223,0.73253083
R1189_80,G,80,0.5481802,0.76462317,0.73253185
R1189_81,G,81,0.5481868,0.764635,0.732546
R1189_82,A,82,0.5481993,0.76465726,0.7325725
R1189_83,C,83,0.5482158,0.7646868,0.73260766
R1189_84,U,84,0.5482335,0.76471835,0.73264533
R1189_85,G,85,0.5482485,0.764745,0.73267716
R1189_86,A,86,0.548257,0.76476014,0.73269504
R1189_87,A,87,0.54825616,0.7647589,0.7326935
R1189_88,G,88,0.548246,0.7647407,0.73267186
R1189_89,A,89,0.54822826,0.764709,0.7326341
R1189_90,G,90,0.5482069,0.7646707,0.7325885
R1189_91,U,91,0.54818594,0.7646336,0.73254424
R1189_92,G,92,0.548169,0.7646033,0.7325083
R1189_93,G,93,0.5481578,0.76458347,0.7324845
R1189_94,G,94,0.5481529,0.7645746,0.7324739
R1189_95,C,95,0.54815376,0.7645761,0.7324758
R1189_96,G,96,0.5481608,0.7645888,0.73249084
R1189_97,G,97,0.5481746,0.76461345,0.73252016
R1189_98,G,98,0.54819584,0.7646511,0.7325651
R1189_99,G,99,0.54822326,0.7647001,0.73262364
R1189_100,U,100,0.548254,0.76475495,0.7326889
R1189_101,A,101,0.548283,0.76480657,0.7327505
R1189_102,A,102,0.54830515,0.7648459,0.7327973
R1189_103,U,103,0.5483173,0.7648676,0.7328232
R1189_104,A,104,0.5483194,0.76487136,0.7328276
R1189_105,C,105,0.5483144,0.7648624,0.732817
R1189_106,C,106,0.54830575,0.7648471,0.7327987
R1189_107,C,107,0.5482966,0.7648306,0.7327791
R1189_108,C,108,0.54828817,0.7648155,0.7327611
R1189_109,G,109,0.5482807,0.7648026,0.7327456
R1189_110,C,110,0.5482744,0.7647912,0.7327321
R1189_111,C,111,0.5482696,0.7647827,0.7327221
R1189_112,C,112,0.54827225,0.7647873,0.73272747
R1189_113,C,113,0.5483707,0.7649629,0.7329368
R1189_114,U,114,0.54895186,0.7659984,0.73417085
R1189_115,U,115,0.5510812,0.7697935,0.73869395
R1189_116,U,116,0.5564581,0.77937615,0.75011474
R1189_117,U,117,0.56464124,0.79396015,0.76749617
R1189_118,U,118,0.51380515,0.7033605,0.6595177
R1190_1,G,1,0.5137103,0.70319146,0.6593162
R1190_2,C,2,0.5645317,0.79376477,0.7672634
R1190_3,G,3,0.55636275,0.7792061,0.7499121
R1190_4,U,4,0.5510031,0.76965433,0.738528
R1190_5,A,5,0.54888904,0.7658865,0.7340376
R1190_6,C,6,0.5483184,0.7648694,0.73282534
R1190_7,A,7,0.5482248,0.76470274,0.73262674
R1190_8,G,8,0.5482242,0.76470166,0.7326254
R1190_9,G,9,0.54823077,0.76471347,0.7326395
R1190_10,G,10,0.5482402,0.76473016,0.7326594
R1190_11,A,11,0.54825056,0.7647485,0.73268133
R1190_12,A,12,0.5482595,0.7647647,0.7327005
R1190_13,C,13,0.54826546,0.76477516,0.73271304
R1190_14,A,14,0.54826796,0.76477975,0.7327184
R1190_15,C,15,0.54826885,0.7647813,0.7327203
R1190_16,G,16,0.5482702,0.7647837,0.7327232
R1190_17,C,17,0.5482733,0.7647893,0.73272985
R1190_18,A,18,0.5482781,0.76479757,0.73273987
R1190_19,A,19,0.5482824,0.76480544,0.73274904
R1190_20,C,20,0.54828435,0.76480883,0.7327531
R1190_21,C,21,0.54828215,0.764805,0.73274857
R1190_22,C,22,0.54827607,0.7647942,0.73273563
R1190_23,C,23,0.5482671,0.7647782,0.7327166
R1190_24,G,24,0.548257,0.7647602,0.73269516
R1190_25,A,25,0.5482466,0.7647417,0.73267317
R1190_26,A,26,0.548236,0.76472276,0.73265064
R1190_27,G,27,0.5482247,0.7647025,0.7326265
R1190_28,G,28,0.54821205,0.76467997,0.73259956
R1190_29,A,29,0.5481986,0.76465607,0.73257107
R1190_30,U,30,0.54818594,0.7646336,0.7325442
R1190_31,C,31,0.54817593,0.7646157,0.732523
R1190_32,G,32,0.5481703,0.7646057,0.73251104
R1190_33,G,33,0.5481694,0.764604,0.73250896
R1190_34,G,34,0.54817224,0.76460916,0.7325151
R1190_35,G,35,0.54817677,0.76461715,0.7325247
R1190_36,A,36,0.5481807,0.7646241,0.73253304
R1190_37,A,37,0.54818225,0.76462686,0.7325362
R1190_38,G,38,0.548181,0.76462454,0.7325336
R1190_39,G,39,0.54817766,0.7646188,0.73252654
R1190_40,G,40,0.548174,0.76461226,0.7325188
R1190_41,A,41,0.54817146,0.7646077,0.7325135
R1190_42,C,42,0.54817104,0.7646068,0.7325123
R1190_43,G,43,0.54817224,0.7646091,0.7325151
R1190_44,U,44,0.54817444,0.76461303,0.7325198
R1190_45,C,45,0.54817635,0.76461655,0.732524
R1190_46,G,46,0.54817706,0.76461774,0.7325254
R1190_47,C,47,0.54817593,0.7646155,0.73252267
R1190_48,C,48,0.5481728,0.7646102,0.73251635
R1190_49,A,49,0.5481684,0.7646025,0.73250717
R1190_50,G,50,0.54816365,0.76459384,0.73249686
R1190_51,G,51,0.5481591,0.76458555,0.732487
R1190_52,G,52,0.5481554,0.76457924,0.73247945
R1190_53,A,53,0.54815376,0.76457614,0.73247576
R1190_54,G,54,0.54815495,0.76457816,0.73247826
R1190_55,G,55,0.54815996,0.7645871,0.7324889
R1190_56,C,56,0.54816914,0.76460356,0.7325084
R1190_57,G,57,0.54818225,0.76462704,0.73253644
R1190_58,A,58,0.5481981,0.7646552,0.73256993
R1190_59,U,59,0.54821444,0.76468444,0.7326048
R1190_60,U,60,0.54822946,0.7647111,0.7326367
R1190_61,C,61,0.54824126,0.7647321,0.7326618
R1190_62,C,62,0.5482489,0.76474565,0.73267776
R1190_63,A,63,0.54825175,0.7647508,0.732684
R1190_64,U,64,0.54825056,0.76474863,0.73268133
R1190_65,C,65,0.5482468,0.76474196,0.73267347
R1190_66,A,66,0.5482422,0.7647338,0.73266375
R1190_67,G,67,0.54823875,0.7647277,0.73265636
R1190_68,G,68,0.54823756,0.7647255,0.73265386
R1190_69,A,69,0.5482386,0.76472735,0.73265606
R1190_70,U,70,0.5482408,0.76473117,0.7326606
R1190_71,G,71,0.54824215,0.76473385,0.73266375
R1190_72,A,72,0.5482413,0.7647322,0.7326618
R1190_73,U,73,0.548237,0.76472443,0.7326526
R1190_74,G,74,0.548229,0.76471025,0.7326357
R1190_75,A,75,0.5482182,0.76469105,0.7326127
R1190_76,C,76,0.548206,0.76466924,0.7325868
R1190_77,G,77,0.54819417,0.76464814,0.7325617
R1190_78,A,78,0.54818475,0.7646314,0.73254174
R1190_79,G,79,0.54817975,0.7646223,0.73253083
R1190_80,G,80,0.5481802,0.76462317,0.73253185
R1190_81,G,81,0.5481868,0.764635,0.732546
R1190_82,A,82,0.5481993,0.76465726,0.7325725
R1190_83,C,83,0.5482158,0.7646868,0.73260766
R1190_84,U,84,0.5482335,0.76471835,0.73264533
R1190_85,G,85,0.5482485,0.764745,0.73267716
R1190_86,A,86,0.548257,0.76476014,0.73269504
R1190_87,A,87,0.54825616,0.7647589,0.7326935
R1190_88,G,88,0.548246,0.7647407,0.73267186
R1190_89,A,89,0.54822826,0.764709,0.7326341
R1190_90,G,90,0.5482069,0.7646707,0.7325885
R1190_91,U,91,0.54818594,0.7646336,0.73254424
R1190_92,G,92,0.548169,0.7646033,0.7325083
R1190_93,G,93,0.5481578,0.76458347,0.7324845
R1190_94,G,94,0.5481529,0.7645746,0.7324739
R1190_95,C,95,0.54815376,0.7645761,0.7324758
R1190_96,G,96,0.5481608,0.7645888,0.73249084
R1190_97,G,97,0.5481746,0.76461345,0.73252016
R1190_98,G,98,0.54819584,0.7646511,0.7325651
R1190_99,G,99,0.54822326,0.7647001,0.73262364
R1190_100,U,100,0.548254,0.76475495,0.7326889
R1190_101,A,101,0.548283,0.76480657,0.7327505
R1190_102,A,102,0.54830515,0.7648459,0.7327973
R1190_103,U,103,0.5483173,0.7648676,0.7328232
R1190_104,A,104,0.5483194,0.76487136,0.7328276
R1190_105,C,105,0.5483144,0.7648624,0.732817
R1190_106,C,106,0.54830575,0.7648471,0.7327987
R1190_107,C,107,0.5482966,0.7648306,0.7327791
R1190_108,C,108,0.54828817,0.7648155,0.7327611
R1190_109,G,109,0.5482807,0.7648026,0.7327456
R1190_110,C,110,0.5482744,0.7647912,0.7327321
R1190_111,C,111,0.5482696,0.7647827,0.7327221
R1190_112,C,112,0.54827225,0.7647873,0.73272747
R1190_113,C,113,0.5483707,0.7649629,0.7329368
R1190_114,U,114,0.54895186,0.7659984,0.73417085
R1190_115,U,115,0.5510812,0.7697935,0.73869395
R1190_116,U,116,0.5564581,0.77937615,0.75011474
R1190_117,U,117,0.56464124,0.79396015,0.76749617
R1190_118,U,118,0.51380515,0.7033605,0.6595177
